Time (seconds),button
2.37,0
2.38,0
2.40,0
2.41,0
2.43,0
2.44,0
2.45,0
2.46,0
2.47,0
2.49,0
2.50,0
2.51,0
2.52,0
2.53,0
2.55,0
2.56,0
2.57,0
2.58,0
2.59,0
2.61,0
2.62,0
2.63,0
2.64,0
2.65,0
2.67,0
2.68,0
2.69,0
2.70,0
2.72,0
2.73,0
2.74,0
2.75,0
2.76,0
2.77,0
2.81,0
2.82,0
2.83,0
2.84,0
2.85,0
2.87,0
2.88,0
2.90,0
2.91,0
2.92,0
2.93,0
2.94,0
2.95,0
2.97,0
2.98,0
2.99,0
3.00,0
3.01,0
3.03,0
3.04,0
3.05,0
3.06,0
3.08,0
3.10,0
3.11,0
3.12,0
3.14,0
3.15,0
3.16,0
3.17,0
3.18,0
3.19,0
3.21,0
3.22,0
3.23,0
3.24,0
3.26,0
3.28,0
3.30,0
3.32,0
3.33,0
3.34,0
3.35,0
3.36,0
3.37,0
3.39,0
3.40,0
3.41,0
3.42,0
3.44,0
3.45,0
3.46,0
3.47,0
3.48,0
3.50,0
3.51,0
3.52,0
3.53,0
3.54,0
3.55,0
3.57,0
3.58,0
3.59,0
3.60,0
3.62,0
3.63,0
3.64,0
3.65,0
3.66,0
3.68,0
3.69,0
3.70,0
3.71,0
3.74,0
3.75,0
3.77,0
3.78,0
3.79,0
3.80,0
3.82,0
3.83,0
3.84,0
3.86,0
3.88,0
3.89,0
3.90,0
3.91,0
3.93,0
3.94,0
3.95,0
3.96,0
3.98,0
3.99,0
4.00,0
4.01,0
4.02,0
4.04,0
4.05,0
4.06,0
4.08,0
4.09,0
4.10,0
4.11,0
4.13,0
4.14,0
4.15,0
4.16,0
4.17,0
4.19,0
4.20,0
4.23,0
4.25,0
4.26,0
4.27,0
4.29,0
4.30,0
4.31,0
4.32,0
4.33,0
4.35,0
4.36,0
4.37,0
4.38,0
4.40,0
4.41,0
4.42,0
4.43,0
4.44,0
4.45,0
4.47,0
4.48,0
4.49,0
4.50,0
4.51,0
4.53,0
4.54,0
4.55,0
4.56,0
4.58,0
4.59,0
4.60,0
4.61,0
4.62,0
4.63,0
4.65,0
4.66,0
4.69,0
4.70,0
4.72,0
4.73,0
4.74,1
4.76,1
4.77,1
4.78,1
4.79,1
4.80,1
4.81,1
4.83,1
4.84,1
4.85,1
4.86,1
4.87,1
4.89,1
4.90,1
4.91,1
4.92,1
4.94,1
4.95,1
4.96,1
4.97,1
4.98,1
4.99,1
5.01,1
5.02,1
5.03,1
5.04,1
5.05,1
5.07,1
5.08,1
5.09,1
5.10,1
5.12,1
5.13,1
5.16,1
5.17,1
5.19,1
5.20,1
5.21,1
5.22,1
5.23,1
5.25,1
5.26,1
5.27,1
5.28,1
5.30,1
5.31,1
5.32,1
5.33,1
5.34,1
5.36,1
5.37,1
5.38,1
5.39,1
5.40,1
5.41,1
5.43,1
5.44,1
5.45,1
5.46,1
5.48,1
5.49,1
5.51,1
5.52,1
5.54,1
5.55,1
5.56,1
5.57,1
5.58,1
5.59,1
5.63,1
5.64,1
5.65,1
5.66,1
5.68,1
5.69,1
5.70,1
5.72,1
5.73,1
5.74,1
5.75,1
5.76,1
5.77,1
5.79,1
5.80,1
5.81,1
5.82,1
5.83,1
5.85,1
5.86,0
5.87,0
5.88,0
5.90,0
5.91,0
5.92,0
5.93,0
5.94,0
5.95,0
5.97,0
5.98,0
5.99,0
6.00,0
6.02,0
6.03,0
6.04,0
6.05,0
6.06,0
6.09,0
6.11,0
6.12,0
6.13,0
6.14,0
6.15,0
6.17,0
6.18,0
6.19,0
6.20,0
6.22,0
6.23,0
6.24,0
6.26,0
6.27,0
6.28,0
6.29,0
6.30,0
6.31,0
6.33,0
6.34,0
6.35,0
6.36,0
6.38,0
6.39,0
6.40,0
6.41,0
6.42,0
6.44,0
6.45,0
6.46,0
6.48,0
6.49,0
6.50,0
6.51,0
6.53,0
6.55,0
6.57,0
6.58,0
6.59,0
6.60,0
6.61,0
6.63,0
6.64,0
6.65,0
6.66,0
6.67,0
6.69,0
6.70,0
6.71,0
6.72,0
6.74,0
6.75,0
6.76,0
6.77,0
6.78,0
6.80,0
6.81,0
6.82,0
6.83,0
6.84,0
6.85,0
6.87,0
6.88,0
6.89,0
6.90,0
6.92,0
6.93,0
6.94,0
6.95,0
6.96,0
6.98,0
6.99,0
7.02,0
7.03,0
7.04,0
7.05,0
7.07,0
7.08,0
7.09,0
7.10,0
7.12,0
7.13,0
7.14,0
7.16,0
7.17,0
7.18,0
7.19,0
7.20,0
7.21,0
7.23,0
7.24,0
7.25,0
7.26,0
7.28,0
7.29,0
7.30,0
7.31,0
7.32,0
7.34,0
7.35,0
7.36,0
7.37,0
7.38,0
7.39,0
7.41,0
7.42,0
7.43,0
7.44,0
7.45,0
7.49,0
7.50,0
7.51,0
7.53,0
7.54,0
7.55,0
7.56,0
7.57,0
7.59,0
7.60,0
7.61,0
7.62,0
7.63,0
7.65,0
7.66,0
7.67,0
7.68,0
7.70,0
7.71,0
7.72,0
7.73,0
7.74,0
7.75,0
7.77,0
7.78,0
7.79,0
7.80,0
7.81,0
7.83,0
7.84,0
7.85,0
7.86,0
7.88,0
7.89,0
7.90,0
7.91,0
7.94,0
7.95,0
7.97,0
7.98,0
7.99,0
8.00,0
8.01,0
8.03,0
8.04,0
8.06,0
8.07,0
8.08,0
8.09,0
8.10,0
8.12,0
8.13,0
8.14,0
8.15,0
8.16,0
8.17,1
8.19,1
8.20,1
8.21,1
8.22,1
8.23,1
8.25,1
8.26,1
8.27,1
8.28,1
8.29,1
8.31,1
8.32,1
8.33,1
8.34,1
8.35,1
8.37,1
8.38,1
8.41,1
8.42,1
8.44,1
8.45,1
8.46,1
8.48,1
8.49,1
8.50,1
8.51,1
8.52,1
8.53,1
8.55,1
8.56,1
8.57,1
8.58,0
8.60,0
8.61,0
8.62,0
8.63,0
8.64,0
8.66,0
8.67,0
8.68,0
8.69,0
8.70,0
8.71,0
8.73,0
8.74,0
8.75,0
8.76,0
8.78,0
8.79,0
8.80,0
8.81,0
8.82,0
8.84,0
8.87,0
8.88,0
8.89,0
8.90,0
8.91,0
8.93,0
8.94,0
8.95,0
8.96,0
8.98,0
8.99,0
9.00,0
9.02,0
9.03,0
9.04,0
9.05,0
9.06,0
9.07,0
9.09,0
9.10,0
9.11,0
9.12,0
9.13,0
9.15,0
9.16,0
9.17,0
9.18,0
9.20,0
9.21,0
9.22,0
9.23,0
9.24,0
9.25,0
9.27,0
9.28,0
9.29,0
9.30,0
9.34,0
9.35,0
9.36,0
9.38,0
9.39,0
9.40,0
9.41,0
9.42,0
9.43,0
9.45,0
9.46,0
9.47,0
9.48,0
9.50,0
9.51,0
9.52,0
9.53,0
9.54,0
9.56,0
9.58,0
9.59,0
9.60,1
9.61,1
9.63,1
9.64,1
9.65,1
9.66,1
9.68,1
9.69,1
9.70,1
9.71,1
9.72,1
9.74,1
9.75,1
9.76,1
9.77,1
9.89,1
9.91,1
9.93,1
9.94,1
9.95,1
9.96,1
9.97,1
9.99,1
10.00,1
10.01,1
10.02,1
10.04,1
10.05,1
10.06,1
10.07,1
10.08,1
10.10,1
10.11,1
10.12,1
10.13,1
10.14,1
10.15,1
10.17,1
10.18,1
10.19,1
10.20,1
10.21,1
10.23,1
10.24,1
10.25,1
10.26,1
10.28,1
10.29,1
10.31,1
10.33,1
10.34,1
10.35,1
10.37,1
10.38,1
10.39,1
10.40,1
10.42,1
10.43,1
10.44,1
10.45,1
10.47,1
10.48,1
10.49,1
10.50,1
10.51,1
10.53,1
10.54,1
10.55,1
10.56,1
10.57,1
10.59,1
10.60,1
10.61,1
10.62,1
10.64,1
10.65,1
10.66,1
10.67,1
10.68,1
10.69,1
10.71,1
10.73,1
10.75,1
10.76,1
10.77,1
10.78,1
10.80,1
10.81,1
10.82,1
10.84,1
10.85,1
10.86,1
10.88,1
10.89,1
10.90,1
10.91,1
10.92,1
10.93,1
10.95,1
10.96,1
10.97,1
10.98,1
11.00,1
11.01,1
11.02,1
11.03,1
11.04,1
11.06,1
11.07,1
11.08,1
11.09,1
11.10,1
11.12,1
11.14,1
11.15,1
11.17,1
11.18,0
11.19,0
11.20,0
11.22,0
11.24,0
11.25,0
11.26,0
11.27,0
11.28,0
11.29,0
11.31,0
11.32,0
11.33,0
11.34,0
11.36,0
11.37,0
11.38,0
11.39,0
11.40,0
11.42,0
11.43,0
11.44,0
11.45,0
11.46,0
11.47,0
11.49,0
11.50,0
11.51,0
11.53,0
11.55,0
11.56,0
11.58,0
11.60,0
11.61,0
11.62,0
11.63,0
11.64,0
11.65,0
11.67,0
11.68,0
11.69,0
11.70,0
11.72,0
11.73,0
11.74,0
11.75,0
11.76,0
11.78,0
11.79,0
11.80,0
11.81,0
11.82,0
11.83,0
11.85,0
11.86,0
11.87,0
11.88,0
11.90,0
11.91,0
11.92,0
11.94,0
11.96,0
11.98,0
11.99,0
12.00,0
12.01,0
12.03,1
12.04,1
12.05,1
12.06,1
12.08,1
12.09,1
12.10,1
12.11,1
12.12,1
12.14,1
12.15,1
12.16,1
12.17,1
12.18,1
12.19,1
12.21,1
12.22,1
12.23,1
12.24,1
12.26,1
12.27,1
12.28,1
12.29,1
12.30,1
12.31,1
12.33,1
12.35,1
12.37,1
12.38,1
12.39,1
12.41,0
12.42,0
12.43,0
12.44,0
12.46,0
12.47,0
12.48,0
12.50,0
12.51,0
12.52,0
12.53,0
12.54,0
12.55,0
12.57,0
12.58,0
12.59,0
12.60,0
12.61,0
12.63,0
12.64,0
12.65,0
12.66,0
12.68,0
12.69,0
12.70,0
12.71,0
12.72,0
12.73,0
12.75,0
12.77,0
12.79,0
12.80,0
12.81,0
12.82,0
12.84,0
12.85,0
12.86,0
12.88,0
12.89,0
12.90,0
12.92,0
12.93,0
12.94,0
12.95,0
12.97,0
12.98,0
12.99,0
13.00,0
13.01,0
13.03,0
13.04,0
13.05,0
13.06,0
13.08,0
13.10,0
13.11,0
13.12,0
13.13,0
13.14,0
13.15,0
13.17,0
13.19,0
13.21,0
13.22,0
13.23,0
13.24,0
13.26,0
13.28,0
13.29,0
13.30,0
13.31,0
13.32,0
13.33,0
13.35,0
13.36,0
13.37,0
13.38,0
13.40,1
13.41,1
13.42,1
13.43,1
13.44,1
13.46,1
13.47,1
13.48,1
13.49,1
13.50,1
13.51,1
13.53,1
13.54,1
13.55,1
13.56,1
13.58,1
13.60,1
13.62,1
13.63,1
13.65,1
13.66,1
13.67,1
13.68,1
13.69,1
13.71,1
13.72,1
13.73,1
13.74,1
13.76,1
13.77,1
13.78,1
13.79,1
13.80,1
13.82,1
13.83,1
13.84,1
13.85,1
13.86,1
13.87,1
13.89,1
13.90,1
13.91,1
13.92,1
13.93,1
13.95,1
13.96,1
13.97,1
13.99,1
14.01,1
14.03,1
14.04,1
14.05,1
14.07,1
14.08,1
14.09,1
14.10,1
14.12,1
14.13,1
14.14,1
14.15,1
14.16,1
14.18,1
14.19,1
14.20,1
14.21,1
14.22,1
14.23,1
14.25,1
14.26,1
14.27,1
14.28,1
14.29,1
14.31,1
14.32,1
14.33,1
14.34,1
14.36,1
14.37,1
14.38,1
14.40,1
14.42,1
14.43,1
14.44,1
14.45,1
14.47,1
14.48,1
14.49,1
14.50,1
14.52,1
14.53,1
14.54,1
14.56,1
14.57,1
14.58,1
14.59,1
14.61,1
14.62,1
14.63,1
14.64,1
14.65,1
14.67,1
14.68,1
14.69,0
14.70,0
14.72,0
14.73,0
14.74,0
14.75,0
14.76,0
14.77,0
14.79,0
14.81,0
14.83,0
14.84,0
14.85,0
14.86,0
14.88,0
14.89,0
14.90,0
14.92,0
14.93,0
14.94,0
14.95,0
14.97,0
14.98,0
14.99,0
15.00,0
15.01,0
15.03,0
15.04,0
15.05,0
15.06,0
15.08,0
15.09,0
15.10,0
15.11,0
15.12,0
15.14,0
15.15,0
15.16,0
15.17,0
15.18,0
15.19,0
15.21,1
15.24,1
15.25,1
15.26,1
15.28,1
15.29,1
15.30,1
15.32,1
15.33,1
15.34,1
15.35,1
15.36,1
15.37,1
15.39,1
15.40,1
15.41,1
15.42,1
15.44,1
15.45,1
15.46,1
15.47,1
15.48,1
15.50,1
15.51,1
15.52,1
15.53,1
15.54,1
15.55,1
15.57,1
15.58,1
15.59,1
15.60,1
15.62,1
15.64,1
15.66,1
15.68,1
15.69,1
15.70,1
15.71,1
15.72,1
15.73,1
15.75,1
15.76,1
15.77,1
15.78,1
15.80,1
15.81,1
15.82,1
15.83,1
15.84,0
15.86,0
15.87,0
15.88,0
15.89,0
15.90,0
15.91,0
15.93,0
15.94,0
15.95,0
15.96,0
15.98,0
15.99,0
16.00,0
16.01,0
16.03,0
16.06,0
16.07,0
16.08,0
16.09,0
16.11,0
16.12,0
16.13,0
16.14,0
16.16,0
16.17,0
16.18,0
16.19,0
16.20,0
16.22,0
16.23,0
16.24,0
16.25,0
16.26,0
16.27,0
16.29,0
16.30,0
16.31,0
16.32,0
16.34,0
16.35,0
16.36,0
16.37,0
16.38,0
16.40,0
16.41,0
16.42,0
16.55,0
16.57,0
16.59,0
16.60,0
16.61,0
16.62,0
16.63,0
16.65,0
16.66,0
16.67,0
16.68,0
16.69,0
16.71,0
16.72,0
16.73,0
16.74,0
16.76,0
16.77,0
16.78,0
16.79,1
16.80,1
16.81,1
16.83,1
16.84,1
16.85,1
16.86,1
16.87,1
16.89,1
16.90,1
16.91,1
16.92,1
16.94,1
16.96,1
16.98,1
16.99,1
17.01,1
17.02,1
17.03,1
17.04,1
17.05,1
17.07,1
17.08,1
17.09,1
17.10,1
17.12,1
17.13,1
17.14,1
17.15,1
17.16,1
17.17,1
17.19,1
17.20,1
17.21,1
17.22,1
17.23,1
17.25,1
17.26,1
17.27,1
17.28,1
17.29,1
17.31,1
17.32,1
17.33,1
17.34,1
17.36,1
17.38,1
17.39,1
17.41,1
17.42,1
17.43,1
17.44,1
17.46,1
17.47,1
17.48,1
17.50,1
17.51,1
17.52,1
17.54,1
17.55,1
17.56,1
17.57,1
17.58,1
17.59,1
17.61,1
17.62,1
17.63,1
17.64,1
17.66,1
17.67,1
17.68,1
17.69,1
17.70,1
17.72,1
17.73,1
17.74,1
17.75,1
17.77,1
17.79,1
17.80,1
17.81,1
17.83,1
17.84,1
17.85,1
17.86,1
17.88,1
17.90,1
17.91,1
17.92,1
17.93,1
17.94,1
17.95,1
17.97,1
17.98,1
17.99,1
18.00,1
18.01,1
18.03,1
18.04,1
18.05,1
18.06,1
18.07,1
18.09,1
18.10,1
18.11,1
18.12,1
18.13,1
18.15,0
18.16,0
18.18,0
18.20,0
18.21,0
18.23,0
18.24,0
18.26,0
18.27,0
18.28,0
18.29,0
18.30,0
18.31,0
18.33,0
18.34,0
18.35,0
18.36,0
18.38,0
18.39,0
18.40,0
18.41,0
18.42,0
18.44,0
18.45,0
18.46,0
18.47,0
18.48,0
18.49,0
18.51,0
18.52,0
18.53,0
18.54,0
18.56,0
18.57,0
18.59,0
18.61,0
18.62,0
18.64,0
18.65,0
18.66,0
18.67,0
18.69,0
18.70,0
18.71,0
18.72,0
18.74,0
18.75,0
18.76,0
18.77,0
18.78,0
18.80,0
18.81,0
18.82,0
18.83,0
18.84,0
18.85,0
18.87,0
18.88,0
18.89,0
18.90,0
18.91,1
18.93,1
18.94,1
18.95,1
18.96,1
18.98,1
19.00,1
19.01,1
19.03,1
19.04,1
19.05,1
19.06,1
19.07,1
19.09,0
19.10,0
19.11,0
19.12,0
19.14,0
19.15,0
19.17,0
19.18,0
19.19,0
19.20,0
19.21,0
19.23,0
19.24,0
19.25,0
19.26,0
19.27,0
19.29,0
19.30,0
19.31,0
19.32,0
19.34,0
19.35,0
19.36,0
19.37,0
19.38,0
19.40,0
19.42,0
19.43,0
19.45,0
19.46,0
19.47,0
19.48,0
19.50,0
19.51,0
19.52,0
19.54,0
19.55,0
19.56,0
19.57,0
19.59,0
19.60,0
19.61,0
19.62,0
19.63,0
19.65,0
19.66,0
19.67,0
19.68,0
19.69,0
19.71,0
19.72,0
19.73,0
19.74,0
19.76,0
19.77,0
19.78,0
19.79,0
19.81,0
19.83,0
19.84,0
19.86,0
19.87,0
19.88,0
19.89,0
19.91,0
19.92,0
19.94,0
19.95,0
19.96,0
19.97,0
19.98,0
19.99,0
20.01,1
20.02,1
20.03,1
20.04,1
20.06,1
20.07,1
20.08,1
20.09,1
20.10,1
20.12,1
20.13,1
20.14,1
20.15,1
20.16,1
20.17,1
20.19,1
20.20,1
20.22,0
20.24,0
20.25,0
20.27,0
20.28,0
20.30,0
20.31,0
20.32,0
20.33,0
20.34,0
20.35,0
20.37,0
20.38,0
20.39,0
20.40,0
20.42,0
20.43,0
20.44,0
20.45,0
20.46,0
20.47,0
20.49,0
20.50,0
20.51,0
20.52,0
20.53,0
20.55,0
20.56,0
20.57,0
20.58,0
20.60,0
20.61,0
20.63,0
20.65,0
20.66,0
20.68,0
20.69,0
20.70,0
20.71,0
20.73,0
20.74,0
20.75,0
20.76,0
20.78,0
20.79,0
20.80,0
20.81,0
20.82,0
20.84,0
20.85,0
20.86,0
20.87,0
20.88,0
20.89,0
20.91,0
20.92,0
20.93,0
20.94,0
20.96,0
20.97,0
20.98,0
20.99,0
21.00,0
21.02,0
21.04,0
21.06,0
21.07,0
21.08,0
21.09,0
21.11,0
21.12,0
21.13,0
21.14,0
21.16,0
21.17,0
21.18,0
21.20,0
21.21,0
21.22,0
21.23,0
21.24,0
21.25,0
21.27,0
21.28,0
21.29,0
21.30,0
21.31,0
21.33,0
21.34,0
21.35,0
21.36,0
21.37,0
21.39,0
21.40,0
21.41,0
21.42,0
21.44,0
21.46,0
21.47,0
21.49,0
21.50,0
21.51,0
21.52,0
21.54,0
21.55,0
21.56,0
21.58,0
21.59,0
21.60,0
21.61,0
21.63,0
21.64,0
21.65,0
21.66,0
21.67,0
21.69,0
21.70,1
21.71,1
21.72,1
21.74,1
21.75,1
21.76,1
21.77,1
21.78,1
21.80,1
21.81,1
21.82,1
21.83,1
21.85,1
21.87,1
21.88,1
21.90,1
21.91,1
21.92,1
21.94,1
21.95,1
21.96,1
21.98,1
21.99,1
22.00,1
22.01,1
22.02,1
22.03,1
22.05,1
22.06,1
22.07,1
22.08,1
22.09,1
22.11,1
22.12,1
22.13,1
22.14,1
22.15,1
22.17,1
22.18,1
22.19,1
22.20,1
22.21,1
22.23,1
22.24,1
22.26,1
22.28,1
22.29,1
22.31,1
22.32,1
22.34,1
22.35,1
22.36,1
22.37,1
22.38,1
22.39,1
22.41,1
22.42,1
22.43,1
22.44,1
22.46,1
22.47,1
22.48,1
22.49,1
22.50,1
22.52,1
22.53,1
22.54,1
22.55,1
22.56,1
22.57,1
22.59,1
22.60,1
22.61,1
22.62,1
22.64,1
22.65,1
22.67,1
22.69,1
22.70,1
22.72,1
22.73,1
22.74,1
22.75,1
22.77,1
22.78,1
22.79,1
22.80,1
22.82,1
22.83,1
22.84,1
22.85,1
22.86,1
22.88,1
22.89,1
22.90,1
22.91,1
22.92,1
22.93,1
22.95,1
22.96,1
22.97,1
22.98,1
22.99,1
23.01,1
23.02,1
23.03,1
23.04,1
23.06,1
23.18,1
23.20,1
23.21,1
23.22,1
23.24,1
23.25,1
23.26,1
23.27,1
23.28,1
23.29,1
23.31,1
23.32,1
23.33,1
23.35,1
23.36,1
23.37,1
23.38,1
23.40,1
23.41,1
23.42,1
23.44,1
23.45,1
23.46,1
23.47,1
23.49,1
23.50,1
23.51,1
23.52,1
23.53,1
23.55,1
23.56,1
23.57,1
23.59,0
23.61,0
23.62,0
23.64,0
23.65,0
23.66,0
23.67,0
23.69,0
23.70,0
23.71,0
23.72,0
23.73,0
23.75,0
23.76,0
23.77,0
23.79,0
23.80,0
23.81,0
23.82,0
23.83,0
23.85,0
23.86,0
23.87,0
23.88,0
23.89,0
23.91,0
23.92,0
23.93,0
23.94,0
23.96,0
23.97,0
23.98,0
24.00,0
24.02,0
24.03,0
24.04,0
24.05,0
24.07,0
24.08,0
24.09,0
24.10,0
24.12,0
24.13,0
24.14,0
24.16,0
24.17,0
24.18,1
24.19,1
24.21,1
24.22,1
24.23,1
24.24,1
24.25,1
24.27,1
24.28,1
24.29,1
24.30,1
24.32,1
24.33,1
24.34,1
24.35,1
24.36,1
24.37,1
24.39,1
24.41,1
24.43,1
24.44,1
24.45,1
24.46,1
24.48,1
24.49,1
24.50,1
24.52,1
24.53,1
24.54,1
24.55,1
24.57,1
24.58,1
24.59,1
24.60,1
24.61,1
24.63,1
24.64,1
24.65,1
24.66,1
24.68,1
24.69,1
24.70,1
24.71,1
24.72,1
24.74,1
24.75,1
24.76,1
24.77,1
24.78,1
24.79,1
24.81,1
24.83,1
24.85,1
24.86,1
24.87,1
24.89,1
24.90,1
24.92,1
24.93,1
24.94,1
24.95,1
24.96,1
24.97,1
24.99,1
25.00,1
25.01,1
25.02,1
25.04,1
25.05,1
25.06,1
25.07,1
25.08,1
25.10,1
25.11,1
25.12,1
25.13,1
25.14,1
25.15,1
25.17,1
25.18,1
25.19,1
25.20,1
25.22,1
25.24,1
25.26,1
25.28,1
25.29,1
25.30,1
25.31,1
25.32,1
25.33,1
25.35,1
25.36,1
25.37,1
25.38,1
25.39,1
25.41,1
25.42,1
25.43,1
25.44,1
25.45,1
25.47,1
25.48,1
25.49,1
25.50,1
25.51,1
25.53,1
25.54,1
25.55,0
25.56,0
25.58,0
25.59,0
25.60,0
25.61,0
25.63,0
25.65,0
25.67,0
25.68,0
25.69,0
25.70,0
25.71,0
25.73,0
25.74,0
25.75,0
25.76,0
25.78,0
25.79,0
25.80,0
25.82,0
25.83,0
25.84,0
25.85,0
25.86,0
25.87,0
25.89,0
25.90,0
25.91,0
25.92,0
25.93,0
25.95,0
25.96,0
25.97,0
25.98,0
26.00,0
26.01,0
26.02,0
26.04,0
26.06,0
26.07,0
26.08,0
26.09,0
26.11,0
26.12,0
26.13,0
26.14,0
26.16,0
26.17,0
26.18,0
26.20,0
26.21,0
26.22,0
26.23,0
26.25,0
26.26,0
26.27,0
26.28,0
26.29,0
26.31,0
26.32,0
26.33,0
26.34,0
26.36,0
26.37,0
26.38,0
26.39,0
26.40,0
26.41,0
26.43,0
26.45,0
26.47,0
26.48,0
26.49,0
26.50,0
26.52,0
26.53,0
26.54,0
26.56,0
26.57,0
26.58,0
26.60,0
26.61,0
26.62,1
26.63,1
26.64,1
26.65,1
26.67,1
26.68,1
26.69,1
26.70,1
26.72,1
26.73,1
26.74,1
26.75,1
26.76,1
26.77,1
26.79,1
26.80,1
26.81,1
26.82,1
26.83,1
26.85,1
26.88,1
26.89,1
26.90,1
26.92,1
26.93,1
26.94,1
26.96,1
26.97,1
26.98,1
26.99,1
27.00,1
27.01,1
27.03,1
27.04,1
27.05,1
27.06,1
27.07,1
27.09,1
27.10,1
27.11,1
27.12,1
27.14,1
27.15,1
27.16,1
27.17,1
27.18,1
27.19,1
27.21,1
27.22,1
27.23,1
27.24,1
27.26,1
27.28,1
27.30,1
27.31,1
27.33,1
27.34,1
27.35,1
27.36,1
27.37,1
27.39,1
27.40,1
27.41,1
27.43,1
27.44,1
27.45,1
27.46,1
27.48,1
27.49,1
27.51,1
27.52,1
27.53,1
27.54,1
27.55,1
27.57,1
27.58,1
27.59,1
27.60,1
27.62,1
27.63,1
27.64,1
27.65,1
27.66,1
27.68,1
27.71,1
27.72,1
27.73,1
27.74,1
27.75,1
27.77,1
27.78,1
27.79,1
27.80,1
27.82,1
27.83,1
27.84,1
27.85,1
27.87,1
27.88,1
27.89,1
27.90,1
27.91,1
27.93,1
27.94,1
27.95,1
27.96,1
27.98,1
27.99,1
28.00,1
28.01,1
28.02,1
28.04,1
28.05,1
28.06,1
28.07,1
28.09,0
28.11,0
28.12,0
28.14,0
28.15,0
28.16,0
28.18,0
28.19,0
28.20,0
28.22,0
28.23,0
28.24,0
28.25,0
28.26,0
28.27,0
28.29,0
28.30,0
28.31,0
28.32,0
28.33,0
28.35,0
28.36,0
28.37,0
28.38,0
28.40,0
28.41,0
28.42,0
28.43,0
28.44,0
28.45,0
28.47,0
28.48,0
28.50,0
28.52,0
28.53,0
28.54,0
28.56,0
28.57,0
28.58,0
28.60,0
28.61,0
28.62,0
28.63,0
28.65,0
28.66,0
28.67,0
28.68,0
28.69,0
28.71,0
28.72,0
28.73,0
28.74,0
28.76,1
28.77,1
28.78,1
28.79,1
28.80,1
28.82,1
28.83,1
28.84,1
28.85,1
28.87,1
28.88,1
28.89,1
28.91,1
28.93,1
28.94,1
28.96,1
28.97,1
28.98,1
29.00,1
29.01,1
29.02,1
29.03,1
29.04,1
29.05,1
29.07,1
29.08,1
29.09,1
29.10,1
29.12,1
29.13,1
29.14,1
29.15,1
29.17,1
29.18,1
29.20,1
29.21,1
29.22,1
29.23,1
29.25,1
29.26,1
29.27,1
29.28,1
29.30,1
29.31,1
29.33,1
29.35,1
29.36,1
29.38,1
29.39,1
29.40,1
29.41,1
29.43,1
29.44,1
29.45,1
29.46,1
29.47,1
29.49,1
29.50,1
29.51,1
29.52,1
29.53,1
29.55,1
29.56,1
29.57,1
29.58,1
29.59,1
29.61,1
29.62,1
29.63,1
29.64,1
29.66,1
29.67,1
29.68,1
29.69,1
29.70,1
29.72,1
29.85,0
29.87,0
29.88,0
29.90,0
29.91,0
29.92,0
29.93,0
29.94,0
29.95,0
29.97,0
29.98,0
29.99,0
30.00,0
30.01,0
30.03,0
30.04,0
30.05,0
30.06,0
30.08,0
30.09,0
30.10,0
30.11,0
30.12,0
30.13,0
30.15,0
30.16,0
30.17,0
30.18,0
30.19,0
30.21,0
30.22,0
30.23,0
30.25,0
30.27,0
30.28,0
30.30,0
30.31,0
30.33,0
30.34,0
30.35,0
30.36,0
30.37,0
30.39,0
30.40,0
30.41,0
30.42,0
30.44,0
30.45,0
30.46,0
30.47,0
30.48,0
30.49,0
30.51,0
30.52,0
30.53,0
30.54,0
30.55,0
30.57,1
30.58,1
30.59,1
30.60,1
30.62,1
30.63,1
30.64,1
30.66,1
30.68,1
30.69,1
30.71,1
30.72,1
30.73,1
30.74,1
30.75,1
30.77,1
30.78,1
30.79,1
30.80,1
30.82,1
30.83,1
30.84,1
30.86,1
30.87,1
30.88,1
30.89,1
30.90,1
30.91,1
30.93,1
30.94,1
30.95,1
30.96,1
30.98,1
30.99,1
31.00,1
31.01,1
31.02,1
31.04,1
31.05,1
31.07,1
31.09,1
31.10,1
31.11,1
31.12,1
31.13,1
31.15,1
31.16,1
31.17,1
31.18,1
31.20,1
31.22,1
31.23,1
31.24,1
31.25,1
31.26,1
31.27,1
31.29,1
31.30,1
31.31,1
31.32,1
31.34,1
31.35,1
31.36,1
31.37,1
31.38,1
31.40,1
31.41,1
31.42,1
31.43,1
31.44,1
31.45,1
31.47,1
31.49,1
31.51,1
31.52,1
31.53,1
31.54,1
31.56,1
31.57,1
31.59,1
31.60,1
31.61,1
31.62,1
31.63,1
31.65,1
31.66,1
31.67,1
31.68,1
31.70,1
31.71,1
31.72,1
31.73,1
31.74,1
31.76,1
31.77,1
31.78,1
31.79,1
31.80,1
31.81,1
31.83,1
31.84,1
31.85,1
31.86,1
31.88,1
31.90,1
31.91,1
31.93,1
31.94,1
31.96,1
31.97,1
31.98,1
31.99,1
32.01,1
32.02,1
32.03,1
32.04,1
32.05,1
32.07,1
32.08,1
32.09,1
32.10,1
32.12,1
32.13,1
32.14,1
32.15,1
32.16,1
32.17,1
32.19,1
32.20,1
32.21,1
32.22,1
32.23,1
32.25,1
32.26,1
32.27,1
32.29,1
32.31,1
32.33,1
32.34,1
32.35,1
32.37,1
32.38,1
32.39,1
32.40,1
32.41,1
32.43,1
32.44,1
32.45,1
32.46,1
32.48,1
32.49,1
32.50,1
32.51,1
32.52,1
32.53,1
32.55,1
32.56,1
32.57,1
32.58,1
32.59,1
32.61,1
32.62,1
32.63,1
32.64,1
32.66,1
32.67,1
32.68,1
32.70,1
32.72,1
32.73,1
32.75,1
32.76,1
32.77,1
32.78,1
32.79,1
32.81,1
32.82,1
32.83,1
32.84,1
32.86,1
32.87,1
32.88,1
32.90,1
32.91,1
32.92,1
32.93,1
32.94,1
32.95,1
32.97,1
32.98,1
32.99,1
33.00,1
33.02,1
33.03,1
33.04,1
33.05,1
33.06,1
33.08,1
33.09,1
33.11,1
33.13,1
33.14,1
33.15,1
33.16,1
33.17,1
33.19,1
33.20,1
33.21,1
33.22,1
33.24,1
33.26,1
33.27,1
33.28,1
33.29,1
33.30,1
33.31,1
33.33,1
33.34,1
33.35,1
33.36,1
33.38,1
33.39,1
33.40,1
33.41,0
33.42,0
33.44,0
33.45,0
33.46,0
33.47,0
33.48,0
33.49,0
33.51,0
33.53,0
33.55,0
33.56,0
33.57,0
33.58,0
33.59,0
33.61,0
33.62,0
33.64,0
33.65,0
33.66,0
33.67,0
33.69,0
33.70,0
33.71,0
33.72,0
33.74,0
33.75,0
33.76,0
33.77,0
33.78,0
33.80,0
33.81,0
33.82,0
33.83,0
33.84,0
33.85,0
33.87,0
33.88,0
33.89,0
33.90,0
33.92,1
33.94,1
33.96,1
33.97,1
33.99,1
34.00,1
34.01,1
34.02,1
34.03,1
34.05,1
34.06,1
34.07,1
34.08,1
34.09,1
34.11,1
34.12,1
34.14,1
34.15,1
34.16,1
34.18,1
34.19,1
34.20,1
34.21,1
34.23,1
34.24,1
34.25,1
34.26,1
34.27,1
34.29,1
34.30,1
34.31,1
34.32,1
34.34,1
34.37,1
34.38,1
34.39,1
34.41,1
34.42,1
34.43,1
34.44,1
34.45,1
34.47,1
34.48,1
34.49,1
34.50,1
34.52,1
34.53,1
34.54,1
34.55,1
34.56,1
34.57,1
34.59,1
34.60,1
34.61,1
34.62,1
34.63,1
34.65,1
34.66,1
34.67,1
34.68,1
34.70,1
34.71,1
34.72,1
34.73,1
34.75,1
34.77,1
34.79,1
34.80,1
34.81,1
34.82,1
34.83,1
34.85,1
34.86,1
34.87,1
34.88,1
34.90,1
34.91,1
34.92,1
34.94,1
34.95,1
34.96,1
34.97,1
34.98,1
34.99,1
35.01,1
35.02,1
35.03,1
35.04,1
35.06,1
35.07,1
35.08,1
35.09,1
35.10,1
35.12,1
35.13,1
35.14,1
35.16,1
35.18,1
35.19,1
35.20,1
35.21,1
35.23,1
35.24,1
35.25,1
35.27,1
35.28,1
35.30,1
35.31,1
35.32,1
35.33,1
35.34,1
35.35,1
35.37,1
35.38,1
35.39,1
35.40,1
35.42,1
35.43,1
35.44,1
35.45,1
35.46,1
35.48,1
35.49,1
35.50,1
35.51,1
35.52,1
35.53,1
35.55,1
35.57,1
35.59,1
35.60,1
35.61,1
35.62,1
35.64,1
35.65,0
35.67,0
35.68,0
35.69,0
35.70,0
35.71,0
35.73,0
35.74,0
35.75,0
35.76,0
35.78,0
35.79,0
35.80,0
35.81,0
35.82,0
35.84,0
35.85,0
35.86,0
35.87,0
35.88,0
35.89,0
35.91,0
35.92,0
35.93,0
35.94,0
35.96,0
35.98,0
35.99,0
36.01,0
36.02,0
36.04,0
36.05,0
36.06,1
36.07,1
36.09,1
36.10,1
36.11,1
36.12,1
36.14,1
36.15,1
36.16,1
36.17,1
36.18,1
36.20,1
36.21,1
36.22,1
36.23,1
36.24,1
36.25,1
36.27,1
36.28,1
36.29,1
36.31,1
36.32,1
36.33,1
36.34,1
36.36,1
36.37,1
36.49,1
36.52,1
36.53,1
36.54,1
36.56,1
36.57,1
36.58,1
36.59,1
36.60,1
36.61,1
36.63,1
36.64,1
36.65,1
36.66,1
36.67,1
36.69,1
36.70,1
36.71,1
36.72,1
36.74,1
36.75,1
36.76,1
36.77,1
36.78,1
36.79,1
36.81,1
36.82,1
36.83,1
36.84,1
36.85,1
36.87,1
36.88,1
36.90,1
36.92,1
36.94,1
36.95,1
36.96,1
36.97,1
36.99,1
37.00,1
37.01,1
37.02,1
37.03,1
37.05,1
37.06,1
37.07,1
37.08,1
37.10,1
37.11,1
37.12,1
37.13,1
37.14,1
37.16,1
37.17,1
37.18,1
37.19,1
37.20,1
37.21,1
37.23,1
37.24,1
37.25,1
37.26,1
37.28,1
37.29,1
37.31,1
37.33,1
37.34,1
37.35,1
37.37,1
37.38,1
37.39,1
37.40,1
37.41,1
37.43,1
37.44,1
37.45,1
37.46,1
37.48,1
37.49,1
37.50,1
37.52,1
37.53,1
37.54,1
37.55,1
37.56,1
37.57,1
37.59,1
37.60,1
37.61,1
37.62,1
37.63,1
37.65,1
37.66,1
37.67,1
37.68,1
37.69,1
37.72,1
37.74,1
37.75,1
37.76,1
37.77,1
37.79,1
37.80,1
37.81,1
37.82,1
37.84,1
37.85,1
37.86,1
37.88,1
37.89,1
37.90,1
37.91,1
37.92,1
37.93,1
37.95,1
37.96,1
37.97,1
37.98,1
38.00,1
38.01,1
38.02,1
38.03,1
38.05,1
38.06,1
38.08,1
38.09,1
38.10,1
38.11,1
38.13,1
38.15,1
38.17,1
38.18,1
38.19,1
38.20,1
38.22,1
38.23,1
38.25,1
38.26,1
38.27,1
38.28,1
38.29,1
38.31,1
38.32,1
38.33,1
38.34,1
38.35,1
38.37,1
38.38,1
38.39,1
38.40,1
38.42,1
38.43,1
38.44,1
38.45,1
38.46,1
38.47,1
38.49,1
38.50,1
38.51,1
38.52,1
38.54,1
38.56,1
38.57,1
38.59,1
38.60,1
38.62,1
38.63,1
38.64,1
38.65,1
38.67,1
38.68,1
38.69,1
38.70,1
38.71,1
38.73,1
38.74,1
38.75,1
38.76,1
38.78,1
38.79,1
38.80,1
38.81,1
38.82,1
38.83,1
38.85,1
38.86,1
38.87,1
38.88,1
38.89,1
38.91,1
38.92,1
38.93,1
38.95,1
38.97,1
38.99,1
39.00,1
39.01,1
39.03,1
39.04,1
39.05,1
39.06,1
39.07,0
39.09,0
39.10,0
39.11,0
39.12,0
39.14,0
39.15,0
39.16,0
39.17,0
39.18,0
39.20,0
39.21,0
39.22,0
39.23,0
39.24,0
39.25,0
39.27,0
39.28,0
39.29,0
39.30,0
39.31,0
39.33,0
39.34,0
39.36,0
39.38,0
39.39,0
39.41,0
39.42,0
39.43,0
39.44,0
39.45,0
39.47,0
39.48,0
39.49,0
39.50,0
39.52,0
39.53,0
39.54,0
39.56,0
39.57,0
39.58,0
39.59,0
39.60,0
39.61,0
39.63,0
39.64,0
39.65,0
39.66,0
39.68,0
39.69,0
39.70,0
39.71,0
39.72,0
39.74,0
39.75,0
39.77,0
39.79,0
39.80,0
39.81,0
39.82,0
39.83,0
39.85,0
39.86,0
39.87,0
39.88,0
39.90,0
39.92,0
39.93,0
39.94,0
