Time (seconds),motion
1.96,1
1.97,1
1.98,1
2.00,1
2.01,1
2.03,1
2.04,1
2.05,1
2.06,1
2.07,1
2.09,1
2.10,1
2.11,1
2.12,1
2.14,1
2.15,1
2.16,1
2.18,1
2.20,1
2.21,1
2.22,1
2.23,1
2.25,1
2.26,1
2.27,1
2.28,1
2.30,1
2.31,1
2.32,1
2.34,1
2.36,1
2.37,1
2.38,1
2.40,1
2.43,1
2.44,1
2.45,1
2.47,1
2.48,1
2.49,1
2.50,1
2.51,1
2.53,1
2.54,1
2.56,1
2.57,1
2.58,1
2.59,1
2.61,1
2.62,1
2.63,1
2.64,1
2.65,1
2.67,1
2.68,1
2.69,1
2.70,1
2.72,1
2.73,1
2.74,1
2.75,1
2.76,1
2.77,1
2.79,1
2.80,1
2.81,1
2.82,1
2.83,0
2.85,0
2.86,0
2.88,0
2.90,0
2.92,0
2.93,0
2.94,0
2.95,0
2.97,0
2.98,0
2.99,0
3.00,0
3.01,0
3.03,0
3.04,0
3.06,0
3.07,0
3.08,0
3.10,0
3.11,0
3.12,0
3.14,0
3.15,0
3.17,0
3.18,0
3.19,0
3.20,0
3.21,0
3.23,0
3.24,0
3.25,0
3.26,0
3.28,0
3.29,0
3.30,0
3.32,0
3.33,0
3.34,0
3.35,0
3.38,0
3.39,0
3.41,0
3.42,0
3.43,0
3.44,0
3.46,0
3.47,0
3.48,0
3.50,0
3.51,0
3.52,0
3.53,0
3.54,0
3.55,0
3.57,0
3.58,0
3.59,0
3.60,0
3.62,0
3.63,0
3.64,0
3.66,0
3.68,0
3.69,0
3.70,0
3.71,0
3.72,0
3.73,0
3.75,0
3.76,0
3.77,0
3.78,0
3.80,0
3.81,0
3.82,0
3.84,0
3.87,0
3.88,0
3.89,0
3.90,0
3.91,0
3.93,0
3.94,0
3.95,0
3.96,0
3.98,0
3.99,0
4.00,0
4.02,0
4.03,0
4.04,0
4.06,0
4.08,0
4.09,0
4.10,0
4.11,0
4.13,0
4.14,0
4.15,0
4.16,0
4.17,0
4.19,0
4.20,0
4.21,0
4.23,0
4.24,0
4.25,0
4.26,0
4.27,0
4.29,0
4.30,0
4.31,0
4.34,0
4.35,0
4.37,0
4.38,0
4.39,0
4.41,0
4.42,0
4.43,0
4.44,0
4.46,0
4.47,0
4.48,0
4.49,0
4.50,0
4.51,0
4.53,0
4.54,0
4.55,0
4.56,0
4.58,0
4.59,0
4.60,0
4.61,0
4.62,0
4.64,0
4.65,0
4.66,0
4.67,0
4.69,0
4.70,0
4.71,0
4.72,0
4.73,0
4.75,0
4.76,0
4.77,0
4.79,0
4.82,0
4.83,0
4.85,0
4.86,0
4.87,0
4.88,0
4.89,0
4.91,0
4.92,0
4.93,0
4.94,0
4.96,0
4.97,0
4.98,0
4.99,0
5.01,0
5.02,0
5.03,0
5.05,0
5.06,0
5.07,0
5.08,0
5.09,0
5.11,0
5.12,0
5.13,0
5.14,0
5.16,0
5.17,0
5.19,0
5.20,0
5.21,0
5.22,0
5.23,0
5.25,0
5.26,0
5.29,0
5.30,0
5.32,0
5.33,0
5.34,0
5.36,0
5.37,0
5.38,0
5.39,0
5.40,0
5.41,0
5.43,0
5.44,0
5.45,0
5.46,0
5.47,0
5.49,0
5.50,0
5.51,0
5.52,0
5.54,0
5.55,0
5.56,0
5.57,0
5.58,0
5.59,0
5.61,0
5.62,0
5.63,0
5.64,0
5.65,0
5.67,0
5.68,0
5.69,0
5.70,0
5.72,0
5.73,0
5.76,0
5.77,0
5.79,0
5.80,0
5.81,0
5.82,0
5.83,0
5.85,0
5.86,0
5.87,0
5.88,0
5.90,0
5.91,0
5.92,0
5.93,0
5.94,0
5.96,0
5.97,0
5.98,0
5.99,0
6.00,0
6.01,0
6.03,0
6.04,0
6.05,0
6.06,0
6.08,0
6.10,0
6.11,0
6.12,0
6.14,0
6.15,0
6.16,0
6.17,0
6.18,0
6.19,0
6.21,0
6.23,0
6.25,0
6.26,0
6.27,0
6.28,0
6.30,0
6.32,0
6.33,0
6.34,0
6.35,0
6.36,0
6.37,0
6.39,0
6.40,0
6.41,0
6.42,0
6.44,0
6.45,1
6.46,1
6.47,1
6.48,1
6.50,1
6.51,1
6.52,1
6.53,1
6.54,1
6.55,1
6.57,1
6.58,1
6.59,1
6.60,1
6.61,1
6.63,1
6.64,1
6.66,1
6.67,1
6.71,1
6.72,1
6.73,1
6.75,1
6.76,1
6.77,1
6.78,1
6.80,1
6.81,1
6.82,1
6.83,1
6.84,1
6.86,1
6.87,1
6.88,1
6.89,1
6.90,1
6.91,1
6.93,1
6.94,1
6.95,1
6.96,1
6.97,1
6.99,1
7.00,1
7.02,1
7.03,1
7.05,1
7.06,1
7.08,1
7.09,1
7.10,1
7.11,1
7.13,1
7.14,1
7.15,1
7.16,1
7.20,1
7.21,1
7.23,1
7.24,1
7.25,1
7.26,1
7.27,1
7.29,1
7.30,1
7.31,1
7.32,1
7.33,1
7.35,1
7.36,1
7.37,1
7.38,1
7.40,1
7.41,1
7.42,1
7.43,1
7.44,1
7.45,1
7.47,1
7.48,1
7.49,1
7.50,1
7.51,1
7.53,1
7.54,1
7.55,1
7.56,1
7.58,1
7.59,1
7.60,1
7.61,1
7.62,1
7.65,1
7.67,1
7.68,1
7.69,1
7.70,1
7.71,1
7.73,1
7.74,1
7.75,1
7.77,1
7.78,1
7.79,1
7.81,1
7.82,1
7.84,1
7.85,1
7.86,1
7.87,1
7.89,1
7.90,1
7.91,1
7.92,1
7.94,1
7.95,1
7.96,1
7.98,1
7.99,1
8.01,1
8.02,1
8.03,1
8.05,1
8.06,1
8.07,1
8.08,1
8.09,1
8.11,1
8.12,1
8.15,1
8.16,1
8.18,1
8.19,1
8.20,1
8.21,1
8.22,1
8.23,1
8.25,1
8.26,1
8.27,1
8.28,1
8.29,1
8.31,1
8.32,1
8.33,1
8.34,1
8.36,1
8.37,1
8.38,1
8.39,1
8.40,1
8.41,1
8.43,1
8.44,1
8.45,1
8.46,1
8.47,1
8.49,1
8.50,1
8.51,1
8.52,1
8.54,1
8.55,1
8.56,1
8.57,1
8.60,1
8.61,1
8.63,1
8.64,1
8.65,1
8.66,1
8.68,1
8.69,1
8.70,1
8.72,1
8.73,1
8.74,1
8.75,1
8.76,1
8.77,1
8.79,1
8.80,1
8.81,1
8.82,1
8.83,1
8.85,1
8.86,1
8.87,1
8.88,1
8.90,1
8.91,1
8.92,1
8.93,1
8.94,1
8.95,1
8.97,1
8.98,1
8.99,1
9.00,1
9.01,1
9.03,1
9.04,1
9.07,1
9.08,1
9.10,1
9.11,1
9.12,1
9.13,1
9.15,1
9.16,1
9.17,1
9.18,1
9.19,1
9.21,1
9.22,1
9.23,1
9.24,1
9.26,1
9.27,1
9.28,1
9.29,1
9.30,1
9.32,1
9.33,1
9.34,1
9.35,1
9.36,1
9.37,1
9.39,1
9.40,1
9.41,1
9.42,1
9.44,1
9.45,1
9.46,1
9.47,1
9.48,1
9.50,1
9.62,1
9.64,1
9.65,1
9.66,1
9.68,1
9.69,1
9.70,1
9.71,1
9.73,1
9.74,1
9.75,1
9.76,1
9.77,1
9.79,1
9.80,1
9.81,1
9.82,1
9.84,1
9.85,1
9.87,1
9.88,1
9.89,1
9.90,1
9.91,1
9.93,1
9.94,1
9.95,1
9.96,1
9.97,1
9.99,1
10.00,1
10.02,1
10.03,1
10.05,1
10.06,1
10.08,1
10.11,1
10.12,1
10.13,1
10.15,1
10.16,1
10.17,1
10.18,1
10.20,1
10.21,1
10.23,1
10.24,1
10.25,1
10.26,1
10.27,1
10.29,1
10.30,1
10.31,1
10.32,1
10.33,1
10.35,1
10.36,1
10.37,1
10.39,1
10.40,1
10.42,1
10.43,1
10.44,1
10.46,1
10.47,1
10.48,1
10.49,1
10.50,1
10.53,1
10.55,1
10.56,1
10.58,1
10.59,1
10.60,1
10.61,0
10.62,0
10.64,0
10.65,0
10.66,0
10.67,0
10.68,0
10.69,0
10.71,0
10.72,0
10.73,0
10.74,0
10.75,0
10.77,0
10.78,0
10.79,0
10.80,0
10.82,0
10.83,0
10.84,0
10.85,0
10.86,0
10.87,0
10.89,0
10.90,0
10.91,0
10.94,0
10.96,0
10.97,0
10.98,0
11.00,0
11.01,0
11.03,0
11.04,0
11.05,0
11.06,0
11.07,0
11.09,0
11.10,0
11.11,0
11.12,0
11.14,0
11.15,0
11.16,0
11.18,0
11.19,0
11.20,0
11.21,0
11.23,0
11.24,0
11.25,0
11.26,0
11.27,0
11.29,0
11.30,0
11.31,0
11.32,0
11.34,0
11.37,0
11.38,0
11.40,0
11.41,0
11.42,0
11.43,0
11.45,0
11.46,0
11.47,0
11.48,0
11.50,0
11.51,0
11.52,0
11.53,0
11.55,0
11.56,0
11.57,0
11.59,0
11.60,0
11.61,0
11.62,0
11.63,0
11.65,0
11.66,0
11.67,0
11.68,0
11.70,0
11.71,0
11.73,0
11.74,0
11.75,0
11.76,0
11.79,0
11.81,0
11.82,0
11.83,0
11.84,0
11.85,0
11.87,0
11.88,0
11.90,0
11.91,0
11.93,0
11.94,0
11.96,0
11.97,0
11.98,0
11.99,0
12.00,0
12.01,0
12.03,0
12.04,0
12.05,0
12.06,0
12.08,0
12.10,0
12.11,0
12.12,0
12.14,0
12.15,0
12.16,0
12.17,0
12.18,0
12.19,0
12.23,0
12.24,0
12.25,0
12.26,0
12.28,0
12.29,0
12.31,0
12.32,0
12.34,0
12.35,0
12.36,0
12.37,0
12.39,0
12.40,0
12.41,0
12.42,0
12.43,0
12.45,0
12.46,0
12.47,0
12.48,0
12.50,0
12.51,0
12.52,0
12.53,0
12.54,0
12.55,0
12.57,0
12.58,0
12.59,0
12.60,0
12.62,0
12.65,0
12.66,0
12.68,0
12.69,0
12.70,0
12.71,0
12.72,0
12.73,0
12.75,0
12.76,0
12.77,0
12.78,0
12.79,0
12.81,0
12.82,0
12.84,0
12.85,0
12.87,0
12.88,0
12.89,0
12.90,0
12.91,0
12.93,0
12.94,0
12.95,0
12.96,0
12.97,0
12.99,0
13.00,0
13.01,0
13.02,0
13.04,0
13.07,0
13.08,0
13.09,0
13.11,0
13.12,0
13.13,0
13.14,0
13.15,0
13.17,0
13.18,0
13.19,0
13.20,0
13.21,0
13.23,0
13.24,0
13.25,0
13.27,0
13.28,0
13.29,0
13.31,1
13.32,1
13.33,1
13.34,1
13.35,1
13.37,1
13.38,1
13.39,1
13.41,1
13.42,1
13.43,1
13.44,1
13.46,1
13.49,1
13.50,1
13.51,1
13.52,1
13.53,1
13.55,1
13.56,1
13.57,1
13.59,1
13.60,1
13.62,1
13.64,1
13.65,1
13.66,1
13.67,1
13.68,1
13.69,1
13.71,1
13.72,1
13.73,1
13.74,1
13.76,1
13.77,1
13.79,1
13.80,1
13.82,1
13.84,1
13.85,1
13.86,1
13.87,1
13.89,1
13.90,1
13.93,1
13.94,1
13.95,1
13.97,1
13.98,1
13.99,1
14.01,1
14.02,1
14.03,1
14.05,1
14.06,1
14.07,1
14.08,1
14.09,1
14.11,1
14.12,1
14.13,1
14.15,1
14.16,1
14.18,1
14.19,1
14.20,1
14.21,1
14.22,1
14.23,1
14.25,1
14.26,1
14.27,1
14.28,1
14.30,1
14.31,1
14.32,1
14.35,1
14.37,1
14.38,1
14.39,1
14.40,1
14.41,1
14.43,1
14.44,1
14.45,1
14.46,1
14.47,1
14.49,1
14.50,1
14.51,1
14.52,1
14.54,1
14.55,1
14.56,1
14.57,1
14.59,1
14.60,1
14.61,1
14.62,1
14.63,1
14.65,1
14.66,1
14.67,1
14.68,1
14.70,1
14.71,1
14.72,1
14.74,1
14.77,1
14.79,1
14.80,1
14.81,1
14.82,1
14.83,1
14.85,1
14.86,1
14.87,1
14.88,1
14.90,1
14.91,1
14.92,1
14.93,1
14.95,1
14.96,1
14.97,1
14.99,1
15.00,1
15.01,1
15.02,1
15.03,1
15.05,1
15.06,1
15.07,1
15.09,1
15.10,1
15.12,1
15.13,1
15.15,1
15.16,1
15.17,1
15.20,1
15.21,1
15.23,1
15.24,1
15.25,1
15.26,1
15.28,1
15.29,1
15.30,1
15.32,1
15.34,1
15.35,1
15.36,1
15.37,1
15.39,1
15.40,1
15.41,1
15.42,1
15.44,1
15.45,1
15.46,1
15.47,1
15.48,1
15.50,1
15.51,1
15.52,1
15.53,1
15.54,1
15.55,1
15.57,1
15.58,1
15.59,1
15.62,1
15.63,1
15.65,1
15.66,1
15.67,1
15.69,1
15.70,1
15.71,1
15.72,1
15.73,1
15.75,1
15.76,1
15.77,1
15.78,1
15.80,1
15.81,1
15.82,1
15.84,1
15.85,1
15.87,1
15.88,1
15.89,1
15.90,1
15.91,1
15.93,1
15.94,1
15.95,1
15.96,1
15.97,1
15.99,1
16.00,1
16.02,1
16.05,1
16.06,1
16.08,1
16.09,1
16.11,1
16.12,1
16.13,1
16.14,1
16.15,1
16.17,1
16.18,1
16.19,1
16.20,1
16.22,1
16.23,1
16.24,1
16.25,1
16.26,1
16.27,1
16.29,1
16.30,1
16.31,1
16.32,1
16.33,1
16.35,1
16.36,1
16.37,1
16.38,1
16.40,1
16.41,1
16.42,1
16.43,1
16.58,1
16.59,1
16.60,1
16.61,1
16.62,1
16.64,1
16.65,1
16.66,1
16.67,1
16.68,1
16.69,1
16.71,1
16.72,1
16.73,1
16.74,1
16.76,1
16.77,1
16.79,1
16.80,1
16.82,1
16.83,1
16.84,1
16.85,1
16.86,1
16.87,1
16.89,1
16.90,1
16.91,1
16.92,1
16.94,1
16.95,1
16.96,1
16.99,0
17.01,0
17.02,0
17.03,0
17.05,0
17.06,0
17.07,0
17.08,0
17.09,0
17.11,0
17.12,0
17.13,0
17.14,0
17.16,0
17.18,0
17.19,0
17.20,0
17.21,0
17.22,0
17.23,0
17.25,0
17.26,0
17.27,0
17.28,0
17.29,0
17.31,0
17.32,0
17.34,0
17.36,0
17.37,0
17.38,0
17.39,0
17.42,0
17.43,0
17.45,0
17.46,0
17.47,0
17.48,0
17.50,0
17.51,0
17.52,0
17.54,0
17.55,0
17.56,0
17.57,0
17.58,0
17.59,0
17.61,0
17.62,0
17.63,0
17.64,0
17.65,0
17.67,0
17.68,0
17.69,0
17.70,0
17.72,0
17.73,0
17.74,0
17.75,0
17.76,0
17.78,0
17.79,0
17.80,0
17.83,0
17.84,0
17.85,0
17.87,0
17.88,0
17.89,0
17.90,0
17.92,0
17.93,0
17.94,0
17.96,0
17.97,0
17.98,0
17.99,0
18.00,0
18.01,0
18.03,0
18.04,0
18.05,0
18.06,0
18.07,0
18.09,0
18.10,0
18.12,0
18.13,0
18.15,0
18.16,0
18.17,0
18.18,0
18.19,0
18.21,0
18.22,0
18.25,0
18.26,0
18.28,0
18.29,0
18.30,0
18.32,0
18.33,0
18.34,0
18.35,0
18.36,0
18.37,0
18.39,0
18.40,0
18.41,0
18.42,0
18.44,0
18.45,0
18.47,0
18.48,0
18.50,0
18.51,0
18.52,0
18.53,0
18.54,0
18.55,0
18.57,0
18.58,0
18.59,0
18.60,0
18.62,0
18.63,0
18.64,0
18.67,0
18.69,0
18.70,0
18.71,0
18.72,0
18.73,0
18.75,0
18.76,0
18.77,0
18.78,0
18.79,0
18.81,0
18.82,0
18.83,0
18.84,0
18.86,0
18.87,0
18.88,0
18.90,0
18.91,0
18.93,0
18.94,0
18.95,0
18.96,0
18.97,0
18.99,0
19.00,0
19.01,0
19.03,0
19.04,0
19.06,0
19.07,0
19.10,0
19.11,0
19.13,0
19.14,0
19.15,0
19.17,0
19.18,0
19.19,0
19.20,0
19.22,0
19.23,0
19.24,0
19.25,0
19.26,0
19.28,0
19.29,0
19.30,0
19.31,0
19.32,0
19.33,0
19.35,0
19.36,0
19.37,0
19.38,0
19.40,0
19.41,0
19.42,0
19.43,0
19.44,0
19.46,0
19.47,0
19.48,0
19.51,0
19.52,0
19.53,0
19.55,0
19.56,0
19.57,0
19.58,0
19.60,0
19.61,0
19.62,0
19.64,0
19.65,0
19.66,0
19.67,0
19.68,0
19.69,0
19.71,0
19.72,0
19.73,0
19.74,0
19.75,0
19.77,0
19.78,0
19.80,0
19.82,0
19.83,1
19.84,1
19.85,1
19.86,1
19.87,1
19.89,1
19.90,1
19.93,1
19.94,1
19.96,1
19.97,1
19.98,1
20.00,1
20.01,1
20.03,1
20.04,1
20.05,1
20.07,1
20.08,1
20.09,1
20.10,1
20.11,1
20.13,1
20.14,1
20.16,1
20.17,1
20.19,1
20.20,1
20.22,1
20.23,1
20.24,1
20.25,1
20.27,1
20.28,1
20.29,1
20.30,1
20.31,1
20.33,1
20.34,1
20.37,1
20.38,1
20.40,1
20.41,1
20.43,1
20.44,1
20.45,1
20.46,1
20.47,1
20.49,1
20.50,1
20.51,1
20.52,1
20.53,1
20.55,1
20.56,1
20.57,1
20.58,1
20.59,1
20.61,1
20.62,1
20.63,1
20.64,1
20.65,1
20.67,1
20.68,1
20.69,1
20.70,1
20.72,1
20.73,1
20.74,1
20.75,1
20.78,1
20.79,1
20.81,1
20.82,1
20.83,1
20.84,1
20.85,1
20.87,1
20.88,1
20.89,1
20.91,1
20.92,1
20.93,1
20.94,1
20.96,1
20.97,1
20.98,1
20.99,1
21.01,1
21.02,1
21.03,1
21.04,1
21.05,1
21.07,1
21.08,1
21.10,1
21.11,1
21.12,1
21.14,1
21.15,1
21.16,1
21.17,1
21.20,1
21.21,1
21.23,1
21.24,1
21.25,1
21.26,1
21.28,1
21.29,1
21.30,1
21.32,1
21.33,1
21.35,1
21.36,1
21.37,1
21.38,1
21.39,1
21.41,1
21.42,1
21.43,1
21.44,1
21.46,1
21.47,1
21.48,1
21.50,1
21.51,1
21.52,1
21.53,1
21.54,1
21.55,1
21.57,1
21.58,1
21.59,1
21.62,1
21.64,1
21.65,1
21.67,1
21.68,1
21.70,1
21.71,1
21.72,1
21.73,1
21.75,1
21.76,1
21.77,1
21.78,1
21.79,1
21.81,1
21.82,1
21.84,1
21.85,1
21.87,1
21.88,1
21.89,1
21.90,1
21.91,1
21.93,1
21.94,1
21.95,1
21.96,1
21.97,1
21.99,1
22.00,1
22.02,1
22.03,1
22.06,1
22.08,1
22.09,1
22.11,1
22.12,1
22.13,1
22.14,1
22.15,1
22.17,1
22.18,1
22.19,1
22.20,1
22.21,1
22.23,1
22.24,1
22.25,1
22.26,1
22.28,1
22.29,1
22.30,1
22.31,1
22.32,1
22.33,1
22.35,1
22.36,1
22.37,1
22.38,1
22.40,1
22.41,1
22.42,1
22.43,1
22.44,1
22.47,1
22.49,1
22.50,1
22.51,1
22.52,1
22.53,1
22.55,1
22.56,1
22.57,1
22.58,1
22.60,1
22.61,1
22.62,1
22.64,1
22.65,1
22.66,1
22.67,1
22.69,1
22.70,1
22.71,1
22.72,1
22.73,1
22.75,1
22.76,1
22.77,1
22.79,1
22.80,1
22.82,1
22.84,1
22.85,1
22.86,1
22.87,1
22.91,1
22.92,1
22.93,1
22.94,1
22.95,1
22.97,1
22.98,1
22.99,1
23.01,1
23.02,1
23.04,1
23.05,1
23.06,1
23.07,1
23.09,1
23.10,1
23.11,1
23.12,1
23.14,1
23.15,1
23.16,1
23.18,1
23.19,1
23.21,1
23.22,1
23.23,1
23.25,1
23.26,1
23.27,1
23.28,1
23.29,1
23.31,1
23.44,1
23.45,1
23.47,1
23.48,1
23.49,1
23.50,1
23.52,1
23.53,1
23.54,1
23.56,1
23.57,1
23.58,1
23.60,1
23.61,1
23.62,1
23.63,1
23.64,1
23.65,1
23.67,1
23.68,1
23.69,1
23.70,1
23.72,1
23.73,1
23.74,1
23.75,1
23.76,1
23.78,1
23.79,1
23.80,1
23.81,1
23.82,1
23.85,1
23.87,1
23.88,1
23.89,1
23.91,1
23.92,1
23.93,1
23.95,1
23.96,1
23.98,1
23.99,1
24.00,1
24.01,1
24.03,1
24.04,1
24.05,1
24.06,1
24.08,1
24.09,1
24.11,1
24.12,1
24.14,1
24.15,1
24.17,1
24.18,1
24.19,1
24.20,1
24.21,1
24.23,1
24.24,1
24.25,1
24.26,1
24.30,1
24.31,1
24.33,1
24.34,1
24.35,1
24.36,1
24.37,1
24.39,1
24.40,1
24.41,1
24.42,1
24.43,1
24.45,1
24.46,1
24.47,1
24.48,1
24.50,1
24.52,1
24.53,1
24.54,1
24.55,1
24.57,1
24.58,1
24.59,1
24.60,1
24.61,1
24.63,1
24.64,1
24.65,1
24.66,1
24.67,1
24.69,1
24.72,1
24.73,1
24.75,1
24.76,1
24.77,1
24.78,1
24.79,1
24.81,1
24.82,1
24.83,1
24.84,1
24.86,1
24.87,1
24.88,1
24.89,1
24.90,1
24.92,1
24.93,1
24.94,1
24.95,1
24.96,1
24.97,1
24.99,1
25.00,1
25.01,1
25.03,1
25.04,1
25.06,1
25.08,1
25.09,1
25.11,1
25.12,1
25.15,1
25.16,1
25.17,1
25.19,1
25.20,1
25.21,1
25.23,1
25.24,1
25.25,1
25.26,1
25.28,1
25.29,1
25.31,1
25.32,1
25.33,1
25.34,1
25.35,1
25.37,1
25.38,1
25.39,1
25.40,1
25.42,1
25.43,1
25.44,1
25.45,1
25.47,1
25.48,1
25.49,1
25.50,1
25.51,1
25.53,1
25.54,1
25.57,1
25.58,1
25.60,1
25.61,1
25.62,1
25.64,1
25.65,1
25.66,1
25.67,1
25.69,1
25.70,1
25.71,1
25.72,1
25.73,1
25.75,1
25.76,1
25.77,1
25.78,1
25.80,1
25.81,1
25.83,1
25.84,1
25.86,1
25.87,1
25.88,1
25.89,1
25.91,1
25.92,1
25.93,1
25.94,1
25.96,1
25.97,1
26.00,1
26.02,1
26.03,1
26.05,1
26.06,1
26.07,1
26.09,1
26.10,1
26.11,1
26.12,1
26.13,1
26.15,1
26.16,1
26.18,1
26.19,1
26.20,1
26.21,1
26.23,1
26.24,1
26.25,1
26.27,1
26.28,1
26.29,1
26.30,1
26.31,1
26.33,1
26.34,1
26.35,1
26.37,1
26.38,1
26.39,1
26.40,1
26.43,1
26.45,1
26.46,1
26.47,1
26.48,1
26.49,1
26.51,1
26.52,1
26.53,1
26.55,1
26.56,1
26.57,1
26.58,1
26.60,1
26.61,1
26.62,1
26.63,1
26.64,1
26.65,1
26.67,1
26.68,1
26.69,1
26.70,0
26.72,0
26.73,0
26.74,0
26.75,0
26.76,0
26.78,0
26.79,0
26.80,0
26.81,0
26.84,0
26.85,0
26.87,0
26.88,0
26.89,0
26.90,0
26.92,0
26.93,0
26.94,0
26.96,0
26.97,0
26.98,0
26.99,0
27.00,0
27.01,0
27.03,0
27.04,0
27.05,0
27.06,0
27.07,0
27.09,0
27.10,0
27.12,0
27.14,0
27.15,0
27.16,0
27.17,0
27.18,0
27.19,0
27.21,0
27.22,0
27.23,0
27.26,0
27.28,0
27.29,0
27.30,0
27.32,0
27.33,0
27.34,0
27.35,0
27.36,0
27.37,0
27.39,0
27.40,0
27.41,0
27.42,0
27.43,0
27.45,0
27.46,0
27.47,0
27.48,0
27.50,0
27.51,0
27.52,0
27.54,0
27.55,0
27.57,0
27.58,0
27.59,0
27.60,0
27.61,0
27.63,0
27.64,0
27.65,0
27.68,0
27.70,0
27.71,0
27.73,0
27.74,0
27.75,0
27.77,0
27.78,0
27.79,0
27.80,0
27.81,0
27.83,0
27.84,0
27.85,0
27.87,0
27.88,0
27.89,0
27.91,0
27.92,0
27.94,0
27.95,0
27.96,0
27.97,0
27.99,0
28.00,0
28.01,0
28.03,0
28.04,0
28.06,0
28.07,0
28.09,0
28.10,0
28.14,0
28.15,0
28.16,0
28.17,0
28.19,0
28.20,0
28.21,0
28.22,0
28.24,0
28.25,0
28.26,0
28.28,0
28.29,0
28.30,0
28.31,0
28.32,0
28.33,0
28.35,0
28.36,0
28.37,0
28.38,0
28.40,0
28.41,0
28.43,0
28.44,0
28.46,0
28.47,0
28.48,0
28.49,0
28.51,0
28.52,0
28.53,0
28.56,0
28.58,0
28.59,0
28.60,0
28.62,0
28.64,0
28.65,0
28.66,0
28.68,0
28.69,0
28.70,0
28.71,0
28.73,0
28.74,0
28.75,0
28.76,0
28.78,0
28.79,0
28.80,0
28.82,0
28.83,0
28.84,0
28.85,0
28.86,0
28.87,0
28.89,0
28.90,0
28.91,0
28.92,0
28.93,0
28.95,0
28.96,0
28.99,0
29.01,0
29.02,0
29.04,0
29.05,0
29.07,0
29.08,0
29.09,0
29.10,0
29.11,0
29.13,0
29.14,0
29.15,0
29.16,0
29.18,0
29.19,0
29.20,0
29.21,0
29.22,0
29.24,0
29.25,1
29.26,1
29.27,1
29.28,1
29.29,1
29.31,1
29.32,1
29.33,1
29.34,1
29.36,1
29.37,1
29.38,1
29.41,1
29.42,1
29.44,1
29.45,1
29.46,1
29.47,1
29.49,1
29.50,1
29.51,1
29.52,1
29.53,1
29.55,1
29.56,1
29.57,1
29.58,1
29.60,1
29.61,1
29.63,1
29.64,1
29.65,1
29.66,1
29.67,1
29.69,1
29.70,1
29.71,1
29.72,1
29.74,1
29.75,1
29.76,1
29.78,1
29.79,1
29.80,1
29.83,1
29.84,1
29.85,1
29.87,1
29.88,1
29.89,1
29.90,1
29.92,1
29.93,1
29.95,1
29.96,1
29.98,1
30.00,1
30.01,1
30.02,1
30.03,1
30.05,1
30.06,1
30.07,1
30.08,1
30.10,1
30.11,1
30.12,1
30.14,1
30.15,1
30.16,1
30.17,1
30.18,1
30.19,1
30.21,1
30.22,1
30.23,1
30.37,1
30.39,1
30.40,1
30.41,1
30.42,1
30.43,1
30.45,1
30.46,1
30.47,1
30.49,1
30.50,1
30.52,1
30.53,1
30.54,1
30.56,1
30.57,1
30.58,1
30.59,1
30.60,1
30.61,1
30.63,1
30.64,1
30.65,1
30.66,1
30.68,1
30.69,1
30.70,1
30.71,1
30.72,1
30.74,1
30.75,1
30.76,1
30.79,1
30.80,1
30.81,1
30.83,1
30.84,1
30.85,1
30.86,1
30.88,1
30.89,1
30.91,1
30.92,1
30.94,1
30.95,1
30.96,1
30.97,1
30.99,1
31.00,1
31.01,1
31.02,1
31.04,1
31.05,1
31.06,1
31.08,1
31.10,1
31.11,1
31.12,1
31.13,1
31.14,1
31.15,1
31.17,1
31.18,1
31.19,1
31.22,1
31.24,1
31.25,1
31.26,1
31.28,1
31.29,1
31.30,1
31.31,1
31.32,1
31.33,1
31.35,1
31.36,1
31.37,1
31.38,1
31.39,1
31.41,1
31.42,1
31.44,1
31.46,1
31.47,1
31.49,1
31.50,1
31.51,1
31.53,1
31.54,1
31.55,1
31.56,1
31.57,1
31.59,1
31.60,1
31.61,1
31.62,1
31.66,1
31.67,1
31.68,1
31.69,1
31.71,1
31.72,1
31.73,1
31.74,1
31.75,1
31.77,1
31.78,1
31.79,1
31.80,1
31.82,1
31.83,1
31.84,1
31.85,1
31.86,1
31.88,1
31.89,1
31.90,1
31.91,1
31.92,1
31.93,1
31.95,1
31.96,1
31.97,1
31.98,1
31.99,1
32.01,1
32.02,1
32.04,1
32.07,1
32.09,1
32.10,1
32.11,1
32.12,1
32.13,1
32.15,1
32.16,1
32.17,1
32.19,1
32.20,1
32.21,1
32.22,1
32.24,1
32.25,1
32.26,1
32.27,1
32.28,1
32.29,1
32.31,1
32.32,1
32.33,1
32.34,1
32.36,1
32.37,1
32.38,1
32.39,1
32.40,1
32.42,1
32.43,1
32.44,1
32.45,1
32.48,1
32.49,1
32.51,1
32.52,1
32.53,1
32.54,1
32.56,1
32.57,1
32.58,1
32.60,1
32.62,1
32.63,1
32.64,1
32.65,1
32.67,1
32.68,1
32.69,1
32.70,1
32.72,1
32.73,1
32.74,1
32.75,1
32.77,1
32.78,1
32.80,1
32.81,1
32.82,1
32.83,1
32.85,1
32.86,1
32.87,1
32.88,1
32.92,1
32.93,1
32.94,1
32.96,1
32.97,1
32.99,1
33.00,1
33.01,1
33.03,1
33.04,1
33.05,1
33.06,1
33.07,1
33.09,1
33.10,1
33.11,1
33.13,1
33.14,1
33.16,1
33.17,1
33.18,1
33.19,1
33.21,1
33.22,1
33.23,1
33.24,1
33.25,1
33.27,1
33.28,1
33.30,1
33.31,1
33.32,1
33.35,1
33.36,1
33.38,1
33.39,1
33.40,1
33.41,1
33.42,1
33.43,1
33.45,1
33.46,1
33.48,1
33.49,1
33.50,1
33.52,1
33.53,1
33.54,1
33.56,1
33.57,1
33.58,1
33.59,1
33.61,1
33.62,1
33.63,1
33.64,1
33.65,1
33.67,1
33.68,1
33.70,1
33.71,1
33.72,1
33.74,1
33.75,1
33.78,1
33.79,1
33.80,0
33.81,0
33.83,0
33.84,0
33.85,0
33.86,0
33.88,0
33.89,0
33.90,0
33.92,0
33.93,0
33.94,0
33.95,0
33.96,0
33.97,0
33.99,0
34.00,0
34.01,0
34.02,0
34.04,0
34.05,0
34.06,0
34.08,0
34.10,0
34.11,0
34.12,0
34.13,0
34.14,0
34.15,0
34.17,0
34.20,0
34.21,0
34.22,0
34.24,0
34.25,0
34.26,0
34.28,0
34.29,0
34.30,0
34.32,0
34.33,0
34.34,0
34.35,0
34.37,0
34.38,0
34.39,0
34.40,0
34.41,0
34.43,0
34.44,0
34.45,0
34.47,0
34.48,0
34.50,0
34.51,0
34.53,0
34.54,0
34.55,0
34.56,0
34.57,0
34.59,0
34.60,0
34.63,0
34.65,0
34.66,0
34.67,0
34.68,0
34.69,0
34.71,0
34.72,0
34.73,0
34.74,0
34.76,0
34.77,0
34.78,0
34.80,0
34.81,0
34.82,0
34.84,0
34.85,0
34.86,0
34.88,0
34.89,0
34.90,0
34.91,0
34.92,0
34.93,0
34.95,0
34.96,0
34.97,0
34.98,0
35.00,0
35.01,0
35.03,0
35.06,0
35.07,0
35.09,0
35.10,0
35.11,0
35.12,0
35.13,0
35.15,0
35.16,0
35.17,0
35.18,0
35.20,0
35.21,0
35.22,0
35.23,0
35.25,0
35.26,0
35.27,0
35.28,0
35.29,0
35.31,0
35.32,0
35.33,0
35.34,0
35.36,0
35.37,0
35.38,0
35.39,0
35.41,0
35.42,0
35.44,0
35.45,0
35.48,0
35.49,0
35.51,0
35.52,0
35.53,0
35.54,0
35.56,0
35.57,0
35.58,0
35.60,0
35.61,0
35.62,0
35.63,0
35.64,0
35.65,0
35.67,0
35.68,0
35.69,0
35.70,0
35.71,0
35.73,0
35.74,0
35.75,0
35.76,0
35.78,0
35.79,0
35.80,0
35.81,0
35.82,0
35.83,0
35.85,0
35.86,0
35.89,0
35.90,0
35.92,0
35.93,0
35.94,0
35.96,0
35.97,0
35.98,0
35.99,0
36.01,0
36.02,0
36.03,0
36.04,0
36.05,0
36.07,0
36.08,0
36.09,0
36.10,0
36.11,0
36.13,0
36.14,0
36.16,0
36.18,0
36.19,0
36.21,0
36.22,0
36.23,0
36.24,0
36.25,0
36.27,0
36.28,0
36.29,0
36.32,0
36.34,0
36.35,0
36.37,0
36.38,0
36.39,0
36.41,0
36.42,0
36.43,0
36.44,0
36.45,0
36.47,0
36.48,0
36.49,0
36.51,0
36.52,0
36.54,0
36.55,0
36.57,0
36.58,0
36.59,0
36.60,0
36.61,0
36.63,0
36.64,0
36.65,0
36.66,0
36.68,0
36.69,0
36.70,0
36.71,0
36.72,0
36.76,0
36.77,0
36.78,0
36.79,0
36.81,0
36.82,0
36.83,0
36.84,0
36.85,0
36.87,0
36.88,0
36.89,0
36.90,0
36.91,0
36.93,0
36.94,0
36.95,0
36.96,0
36.97,0
36.99,0
37.00,0
37.01,0
37.02,0
37.04,0
37.05,0
37.06,0
37.07,0
37.09,0
37.10,0
37.12,0
37.13,0
37.14,0
37.28,0
37.30,0
37.31,0
37.33,0
37.34,0
37.35,0
37.36,0
37.37,0
37.39,0
37.40,0
37.41,0
37.42,0
37.44,0
37.45,0
37.47,0
37.48,0
37.50,0
37.51,0
37.52,0
37.53,0
37.55,0
37.56,0
37.57,0
37.58,0
37.59,0
37.61,0
37.62,0
37.64,0
37.65,0
37.66,0
37.67,0
37.68,0
37.71,0
37.73,0
37.74,0
37.75,0
37.76,0
37.77,0
37.79,0
37.80,1
37.81,1
37.83,1
37.84,1
37.85,1
37.86,1
37.88,1
37.89,1
37.90,1
37.91,1
37.92,1
37.93,1
37.95,1
37.96,1
37.97,1
37.98,1
38.00,1
38.01,1
38.03,1
38.04,1
38.06,1
38.07,1
38.09,1
38.10,1
38.11,1
38.14,1
38.15,1
38.17,1
38.18,1
38.19,1
38.21,1
38.22,1
38.24,1
38.25,1
38.26,1
38.27,1
38.28,1
38.29,1
38.31,1
38.32,1
38.33,1
38.34,1
38.36,1
38.37,1
38.38,1
38.39,1
38.40,1
38.42,1
38.43,1
38.44,1
38.45,1
38.46,1
38.47,1
38.49,1
38.50,1
38.51,1
38.52,1
38.55,1
38.57,1
38.58,1
38.60,1
38.61,1
38.62,1
38.63,1
38.64,1
38.65,1
38.67,1
38.68,1
38.69,1
38.70,1
38.71,1
38.73,1
38.74,1
38.75,1
38.76,1
38.78,1
38.79,1
38.80,1
38.81,1
38.83,1
38.84,1
38.85,1
38.87,1
38.88,1
38.89,1
38.90,1
38.91,1
38.93,1
38.94,1
38.97,1
38.99,1
39.00,1
39.02,1
39.03,1
39.04,1
39.05,1
39.06,1
39.07,1
39.09,1
39.10,1
39.11,1
39.12,1
39.14,1
39.15,1
39.16,1
39.18,1
39.19,1
39.20,1
39.21,1
39.23,1
39.24,1
39.25,1
39.26,1
39.27,1
39.29,1
39.30,1
39.31,1
39.33,1
39.34,1
39.35,1
39.36,1
39.39,1
39.41,1
39.42,1
39.43,1
39.44,1
39.45,1
39.47,1
39.48,1
39.49,1
39.51,1
39.52,1
39.53,1
39.54,1
39.56,1
39.57,1
39.58,1
39.59,1
39.60,1
39.61,1
39.63,1
39.64,1
39.65,1
39.66,1
39.68,1
39.69,1
