Time (seconds),analog_val
2.83,0
2.84,0
2.85,0
2.87,0
2.88,0
2.89,0
2.90,0
2.92,0
2.93,0
2.94,0
2.96,0
2.97,0
2.98,0
2.99,0
3.00,0
3.01,0
3.03,0
3.04,0
3.05,0
3.06,0
3.08,0
3.09,0
3.10,0
3.11,0
3.12,0
3.14,0
3.15,0
3.16,0
3.17,0
3.18,0
3.19,0
3.21,0
3.22,0
3.25,0
3.26,0
3.28,0
3.29,0
3.30,0
3.32,0
3.33,0
3.34,0
3.35,0
3.36,0
3.37,0
3.39,0
3.40,0
3.41,0
3.42,0
3.44,0
3.45,0
3.46,0
3.47,0
3.48,0
3.50,0
3.51,0
3.52,0
3.53,0
3.54,0
3.55,0
3.57,0
3.58,0
3.59,0
3.60,0
3.61,0
3.63,0
3.64,0
3.65,0
3.66,0
3.68,0
3.69,0
3.72,0
3.73,0
3.74,0
3.75,0
3.77,0
3.78,0
3.79,0
3.80,0
3.82,0
3.83,0
3.84,0
3.86,0
3.87,0
3.88,0
3.89,1
3.90,2
3.91,3
3.93,5
3.94,7
3.95,8
3.96,8
3.97,9
3.99,9
4.00,10
4.01,9
4.02,10
4.04,11
4.05,11
4.06,12
4.07,13
4.08,15
4.09,15
4.11,17
4.12,19
4.13,20
4.16,22
4.17,24
4.19,25
4.20,26
4.21,26
4.22,28
4.23,28
4.25,29
4.26,30
4.27,31
4.29,31
4.30,32
4.31,32
4.32,32
4.33,33
4.35,35
4.36,35
4.37,35
4.38,35
4.40,36
4.41,37
4.42,37
4.43,38
4.44,39
4.46,40
4.47,40
4.48,41
4.49,43
4.50,42
4.51,43
4.53,44
4.54,44
4.57,46
4.58,46
4.60,47
4.61,48
4.62,48
4.64,50
4.65,50
4.66,50
4.67,51
4.68,51
4.69,51
4.71,52
4.72,53
4.73,54
4.74,55
4.76,56
4.77,56
4.78,57
4.79,58
4.80,58
4.82,59
4.83,60
4.84,60
4.85,62
4.86,63
4.87,63
4.89,63
4.90,64
4.91,65
4.92,65
4.94,65
4.95,66
4.98,68
4.99,68
5.01,69
5.02,69
5.03,70
5.04,71
5.05,72
5.07,72
5.08,73
5.09,74
5.10,74
5.12,76
5.13,77
5.14,78
5.15,78
5.16,78
5.18,79
5.19,80
5.20,81
5.21,82
5.22,83
5.23,84
5.25,85
5.26,85
5.27,86
5.28,86
5.30,87
5.31,88
5.32,88
5.33,89
5.34,89
5.36,90
5.39,91
5.40,91
5.41,92
5.42,94
5.43,94
5.45,96
5.46,96
5.47,98
5.48,100
5.50,100
5.51,102
5.52,103
5.54,104
5.55,105
5.56,106
5.57,108
5.58,109
5.59,111
5.61,112
5.62,114
5.63,114
5.64,115
5.66,115
5.67,117
5.68,117
5.69,118
5.70,120
5.72,120
5.73,121
5.76,123
5.77,125
5.78,125
5.79,126
5.81,126
5.82,127
5.83,127
5.84,128
5.85,129
5.87,129
5.88,130
5.89,131
5.91,133
5.92,133
5.93,135
5.94,135
5.95,135
5.97,137
5.98,138
5.99,138
6.00,139
6.01,141
6.03,141
6.04,143
6.05,144
6.06,145
6.08,146
6.09,148
6.10,148
6.13,150
6.15,152
6.16,153
6.17,154
6.18,155
6.19,157
6.21,158
6.22,159
6.23,159
6.24,161
6.26,162
6.27,163
6.28,165
6.29,165
6.30,166
6.32,167
6.33,169
6.34,169
6.35,170
6.36,171
6.37,171
6.39,172
6.40,173
6.41,174
6.42,174
6.43,174
6.45,176
6.46,176
6.49,179
6.50,179
6.52,182
6.53,182
6.54,182
6.55,182
6.57,183
6.58,184
6.59,184
6.60,185
6.62,185
6.63,186
6.64,185
6.65,186
6.66,188
6.67,189
6.69,190
6.70,191
6.71,191
6.72,191
6.73,192
6.75,193
6.76,193
6.77,194
6.78,196
6.80,196
6.81,197
6.82,198
6.83,200
6.86,201
6.88,202
6.89,202
6.90,203
6.91,204
6.93,206
6.94,208
6.95,209
6.96,212
6.98,213
6.99,214
7.00,216
7.01,217
7.02,217
7.04,218
7.05,219
7.06,220
7.07,221
7.08,222
7.09,223
7.11,224
7.12,225
7.13,226
7.14,226
7.16,227
7.17,228
7.18,229
7.19,230
7.22,235
7.24,236
7.25,237
7.26,239
7.27,240
7.29,241
7.30,242
7.31,243
7.32,244
7.33,244
7.35,246
7.36,248
7.37,249
7.38,250
7.40,252
7.41,254
7.42,255
7.43,256
7.44,257
7.45,258
7.47,260
7.48,262
7.49,263
7.50,265
7.51,266
7.53,267
7.54,268
7.55,269
7.56,270
7.60,274
7.61,276
7.62,278
7.63,279
7.65,280
7.66,282
7.67,284
7.68,285
7.69,286
7.71,289
7.72,290
7.73,292
7.74,293
7.76,295
7.77,296
7.78,298
7.79,299
7.80,300
7.81,302
7.83,303
7.84,305
7.85,306
7.86,307
7.87,308
7.89,311
7.90,311
7.91,312
7.92,315
7.96,317
7.97,320
7.98,322
8.00,325
8.01,326
8.02,328
8.03,329
8.04,331
8.05,331
8.07,332
8.08,333
8.09,336
8.10,338
8.12,339
8.13,340
8.14,341
8.15,342
8.16,344
8.18,346
8.19,347
8.20,348
8.21,351
8.22,353
8.23,355
8.25,356
8.26,358
8.27,358
8.28,360
8.30,361
8.32,364
8.34,366
8.35,367
8.37,369
8.38,369
8.39,370
8.40,372
8.41,374
8.43,376
8.44,377
8.45,379
8.46,381
8.48,383
8.49,385
8.50,387
8.51,387
8.52,389
8.54,391
8.55,393
8.56,394
8.57,397
8.58,399
8.59,402
8.61,404
8.62,405
8.63,406
8.64,409
8.66,410
8.69,414
8.70,416
8.72,418
8.73,420
8.74,422
8.75,424
8.76,426
8.77,428
8.79,429
8.80,431
8.81,433
8.82,436
8.84,438
8.85,438
8.86,439
8.87,440
8.88,442
8.90,443
8.91,444
8.92,447
8.93,449
8.94,450
8.95,451
8.97,453
8.98,455
8.99,455
9.00,456
9.02,458
9.15,473
9.16,473
9.17,474
9.19,475
9.20,476
9.21,478
9.22,480
9.24,482
9.25,483
9.26,485
9.28,486
9.29,487
9.30,489
9.31,489
9.33,491
9.34,492
9.35,493
9.36,494
9.37,494
9.39,495
9.40,497
9.41,498
9.42,498
9.44,499
9.45,501
9.46,503
9.47,506
9.48,508
9.49,511
9.53,516
9.54,518
9.55,519
9.56,520
9.57,522
9.59,523
9.60,525
9.61,528
9.62,530
9.64,534
9.65,536
9.66,538
9.68,540
9.69,542
9.70,545
9.71,547
9.72,548
9.73,549
9.75,550
9.76,552
9.77,552
9.78,554
9.80,555
9.81,556
9.82,557
9.83,559
9.84,560
9.86,560
9.89,564
9.90,567
9.91,568
9.92,570
9.93,572
9.95,574
9.96,577
9.97,580
9.98,582
9.99,585
10.01,587
10.02,590
10.04,591
10.05,592
10.06,594
10.07,596
10.08,598
10.09,599
10.11,599
10.12,600
10.13,601
10.14,601
10.16,603
10.17,603
10.18,604
10.19,605
10.20,606
10.23,609
10.25,612
10.26,613
10.27,614
10.28,616
10.29,617
10.31,620
10.32,623
10.33,625
10.34,625
10.36,626
10.37,627
10.38,629
10.40,631
10.41,632
10.42,633
10.43,635
10.44,636
10.45,637
10.47,637
10.48,639
10.49,641
10.50,642
10.52,643
10.53,645
10.55,647
10.57,648
10.58,648
10.60,649
10.61,650
10.62,650
10.63,650
10.65,651
10.66,652
10.67,653
10.68,653
10.70,654
10.71,654
10.72,656
10.73,656
10.74,658
10.75,659
10.77,660
10.78,661
10.79,663
10.80,664
10.81,666
10.83,667
10.84,668
10.85,670
10.86,671
10.90,673
10.91,674
10.92,675
10.93,676
10.95,677
10.96,679
10.97,679
10.98,681
10.99,682
11.01,683
11.02,683
11.03,684
11.04,685
11.05,687
11.07,688
11.08,689
11.09,691
11.10,693
11.12,694
11.13,695
11.14,698
11.15,699
11.16,700
11.17,700
11.19,701
11.20,702
11.23,705
11.24,706
11.25,707
11.27,709
11.28,710
11.29,712
11.30,714
11.32,714
11.33,715
11.34,716
11.36,717
11.37,718
11.38,719
11.39,720
11.40,720
11.41,721
11.43,723
11.44,724
11.45,725
11.46,726
11.48,727
11.49,728
11.50,729
11.51,730
11.52,731
11.55,733
11.57,734
11.58,737
11.59,737
11.60,739
11.61,741
11.63,742
11.64,743
11.65,745
11.66,748
11.67,749
11.69,751
11.70,753
11.72,756
11.73,758
11.74,758
11.75,760
11.76,762
11.77,765
11.79,766
11.80,768
11.81,770
11.82,772
11.84,774
11.85,775
11.86,776
11.89,779
11.91,782
11.92,784
11.93,785
11.94,787
11.95,789
11.97,790
11.98,792
11.99,794
12.00,795
12.02,797
12.03,800
12.04,803
12.05,805
12.06,806
12.08,808
12.09,809
12.10,811
12.11,813
12.12,816
12.13,818
12.15,820
12.16,823
12.17,823
12.18,825
12.20,826
12.22,827
12.24,827
12.25,831
12.26,834
12.28,836
12.29,837
12.30,840
12.31,842
12.33,845
12.34,848
12.35,849
12.36,851
12.38,852
12.39,852
12.40,855
12.41,860
12.42,863
12.43,865
12.45,870
12.46,873
12.47,875
12.48,876
12.49,877
12.51,880
12.52,881
12.55,881
12.56,881
12.57,881
12.59,881
12.60,882
12.61,883
12.63,883
12.64,883
12.65,884
12.66,884
12.67,885
12.69,885
12.70,886
12.71,886
12.72,886
12.73,886
12.75,887
12.76,886
12.78,887
12.79,887
12.80,887
12.82,887
12.83,887
12.84,887
12.85,887
12.87,886
12.90,887
12.91,887
12.92,887
12.93,886
12.95,886
12.96,886
12.97,887
12.99,886
13.00,887
13.02,885
13.03,883
13.05,877
13.06,873
13.07,868
13.08,864
13.09,860
13.11,855
13.12,851
13.13,849
13.14,847
13.16,845
13.17,842
13.18,840
13.19,837
13.20,836
13.23,830
13.25,828
13.26,826
13.27,825
13.28,824
13.29,821
13.31,820
13.32,818
13.33,816
13.34,814
13.36,811
13.37,808
13.38,804
13.40,802
13.41,798
13.42,794
13.43,791
13.44,789
13.45,789
13.47,787
13.48,785
13.49,783
13.50,780
13.52,775
13.53,773
13.54,770
13.57,764
13.59,762
13.60,760
13.61,760
13.62,757
13.63,756
13.65,755
13.66,753
13.67,752
13.68,751
13.70,749
13.71,746
13.72,746
13.73,745
13.74,743
13.76,742
13.77,741
13.78,739
13.79,737
13.80,735
13.81,732
13.83,731
13.84,729
13.85,726
13.86,726
13.88,721
13.90,718
13.92,715
13.94,714
13.95,712
13.96,711
13.97,708
13.98,707
13.99,706
14.01,704
14.02,703
14.03,701
14.04,700
14.05,699
14.07,699
14.08,698
14.09,698
14.10,698
14.11,697
14.13,695
14.14,694
14.15,693
14.16,691
14.17,690
14.19,689
14.20,688
14.23,684
14.24,684
14.26,682
14.27,681
14.28,679
14.30,677
14.31,675
14.32,673
14.33,672
14.34,670
14.35,669
14.37,667
14.38,666
14.39,663
14.40,661
14.42,659
14.43,657
14.44,656
14.46,654
14.47,652
14.48,650
14.50,648
14.51,645
14.52,644
14.53,643
14.55,642
14.69,632
14.70,631
14.71,630
14.73,629
14.74,629
14.75,628
14.76,627
14.78,626
14.79,624
14.80,624
14.82,623
14.83,622
14.84,620
14.86,618
14.87,617
14.88,617
14.89,615
14.91,614
14.92,613
14.93,612
14.94,612
14.95,610
14.97,609
14.98,607
14.99,606
15.02,602
15.04,601
15.05,600
15.06,599
15.07,599
15.09,597
15.10,597
15.11,595
15.12,594
15.13,594
15.15,592
15.16,592
15.17,590
15.18,587
15.20,586
15.21,585
15.22,583
15.23,582
15.24,581
15.26,581
15.27,580
15.28,579
15.29,578
15.30,576
15.31,575
15.33,575
15.36,572
15.37,571
15.38,569
15.40,569
15.41,566
15.42,566
15.44,564
15.45,563
15.46,562
15.47,562
15.48,561
15.49,560
15.51,560
15.52,560
15.53,559
15.54,558
15.56,557
15.57,556
15.58,556
15.59,554
15.60,554
15.62,553
15.63,552
15.64,552
15.65,551
15.67,550
15.69,549
15.71,548
15.72,548
15.73,547
15.74,546
15.75,546
15.77,544
15.78,542
15.80,542
15.81,541
15.82,540
15.83,539
15.84,538
15.85,537
15.87,536
15.88,535
15.89,534
15.90,533
15.92,532
15.93,531
15.94,530
15.95,529
15.96,529
15.98,527
15.99,527
16.02,525
16.03,524
16.05,524
16.06,523
16.07,522
16.08,522
16.09,522
16.11,521
16.12,520
16.13,519
16.14,519
16.16,518
16.17,517
16.18,515
16.19,515
16.20,513
16.21,510
16.23,509
16.24,508
16.25,505
16.26,504
16.27,504
16.29,502
16.30,501
16.31,500
16.32,498
16.36,496
16.37,494
16.38,493
16.39,492
16.41,490
16.42,489
16.43,488
16.44,487
16.45,485
16.47,485
16.48,483
16.49,482
16.50,481
16.51,479
16.53,478
16.54,477
16.55,476
16.56,475
16.58,473
16.59,471
16.60,470
16.61,467
16.62,465
16.63,464
16.65,463
16.68,458
16.69,457
16.70,455
16.72,454
16.73,451
16.74,450
16.76,448
16.77,446
16.78,444
16.79,443
16.80,440
16.81,439
16.83,438
16.84,437
16.85,436
16.86,434
16.88,431
16.89,429
16.90,429
16.91,427
16.92,426
16.94,424
16.95,422
16.96,421
16.97,419
16.98,417
17.01,413
17.03,412
17.04,412
17.05,411
17.06,409
17.08,408
17.09,408
17.10,405
17.12,405
17.13,405
17.14,403
17.15,402
17.16,401
17.17,399
17.19,398
17.20,396
17.21,395
17.22,394
17.24,392
17.25,391
17.26,390
17.27,389
17.28,387
17.30,386
17.31,386
17.33,383
17.35,381
17.36,379
17.37,378
17.38,378
17.39,376
17.41,375
17.42,372
17.43,372
17.44,370
17.46,369
17.47,368
17.48,367
17.50,366
17.51,365
17.52,364
17.53,362
17.55,361
17.56,361
17.57,359
17.58,358
17.60,358
17.61,357
17.62,356
17.63,356
17.64,355
17.68,350
17.69,348
17.70,346
17.71,344
17.73,343
17.74,342
17.75,341
17.76,340
17.77,338
17.79,337
17.80,335
17.81,333
17.82,331
17.84,331
17.85,329
17.86,327
17.87,326
17.88,324
17.89,321
17.91,319
17.92,318
17.93,316
17.94,315
17.95,314
17.97,313
17.98,312
18.01,308
18.02,307
18.04,305
18.05,303
18.06,301
18.07,300
18.09,299
18.10,297
18.11,296
18.12,293
18.13,291
18.15,290
18.16,288
18.17,286
18.18,285
18.19,283
18.21,281
18.22,279
18.23,276
18.24,274
18.25,272
18.27,271
18.28,269
18.29,267
18.30,267
18.33,264
18.35,261
18.36,259
18.37,258
18.38,256
18.40,255
18.41,254
18.42,251
18.44,250
18.45,249
18.46,247
18.47,246
18.48,245
18.49,244
18.51,243
18.52,242
18.53,241
18.54,240
18.56,239
18.57,237
18.58,236
18.59,235
18.60,233
18.62,231
18.63,228
18.64,226
18.67,223
18.68,222
18.69,221
18.71,220
18.72,218
18.73,217
18.74,215
18.76,215
18.77,213
18.78,212
18.80,210
18.81,209
18.82,208
18.83,207
18.84,205
18.85,202
18.87,202
18.88,200
18.89,199
18.90,197
18.92,196
18.93,195
18.94,194
18.95,193
18.96,192
18.98,190
19.00,188
19.01,187
19.03,186
19.04,184
19.05,182
19.06,181
19.07,179
19.09,176
19.10,174
19.11,173
19.12,170
19.14,168
19.16,165
19.17,163
19.18,162
19.19,160
19.20,158
19.21,157
19.23,156
19.24,154
19.25,152
19.26,150
19.28,148
19.29,147
19.30,146
19.33,141
19.35,140
19.36,139
19.37,139
19.38,138
19.39,138
19.41,138
19.42,137
19.43,137
19.44,136
19.45,135
19.47,135
19.48,135
19.49,134
19.50,133
19.52,132
19.53,131
19.54,131
19.55,131
19.56,130
19.57,130
19.59,130
19.60,129
19.61,129
19.62,129
19.63,128
19.67,126
19.68,125
19.69,124
19.70,123
19.72,122
19.73,122
19.74,121
19.75,118
19.77,118
19.78,117
19.79,117
19.80,117
19.81,115
19.83,114
19.84,114
19.85,113
19.86,112
19.87,111
19.89,110
19.90,108
19.91,108
19.92,105
19.93,104
19.95,103
19.96,102
20.10,83
20.11,80
20.13,78
20.14,78
20.15,77
20.16,75
20.17,74
20.19,71
20.20,69
20.21,68
20.22,67
20.24,66
20.25,65
20.26,62
20.27,60
20.28,59
20.30,57
20.31,56
20.32,54
20.33,53
20.34,53
20.35,51
20.37,49
20.38,48
20.39,47
20.40,46
20.42,46
20.43,46
20.44,45
20.47,45
20.49,45
20.50,44
20.51,45
20.52,45
20.53,44
20.55,45
20.56,45
20.57,45
20.58,45
20.60,45
20.61,45
20.62,45
20.63,45
20.64,45
20.65,45
20.67,45
20.68,45
20.69,45
20.70,45
20.71,45
20.73,45
20.74,45
20.75,45
20.76,45
20.78,44
20.79,45
20.80,45
20.83,45
20.85,46
20.86,49
20.87,53
20.88,56
20.89,60
20.91,65
20.92,69
20.93,73
20.94,78
20.96,84
20.97,89
20.98,93
20.99,98
21.00,103
21.02,107
21.03,113
21.04,117
21.05,122
21.07,125
21.08,127
21.09,129
21.10,132
21.11,134
21.13,139
21.14,140
21.15,143
21.18,152
21.20,156
21.21,159
21.22,161
21.23,163
21.24,165
21.25,167
21.27,168
21.28,171
21.29,172
21.30,174
21.31,177
21.33,180
21.34,182
21.35,185
21.36,187
21.38,189
21.39,191
21.40,192
21.42,196
21.43,199
21.44,201
21.45,203
21.47,207
21.48,209
21.49,213
21.52,220
21.53,222
21.55,223
21.56,226
21.58,229
21.59,232
21.60,235
21.62,238
21.63,241
21.64,243
21.65,245
21.66,250
21.67,252
21.69,255
21.70,256
21.71,258
21.72,262
21.74,265
21.75,266
21.76,268
21.77,270
21.78,273
21.80,276
21.81,277
21.82,280
21.85,285
21.86,287
21.87,289
21.89,291
21.90,294
21.91,296
21.92,298
21.94,299
21.95,301
21.96,302
21.98,304
21.99,307
22.01,309
22.02,310
22.03,312
22.04,313
22.05,314
22.07,316
22.08,318
22.09,318
22.10,321
22.12,322
22.13,323
22.14,325
22.16,326
22.18,327
22.21,332
22.22,333
22.23,333
22.25,334
22.26,335
22.27,335
22.28,336
22.29,337
22.31,337
22.32,338
22.33,339
22.35,340
22.36,341
22.37,342
22.38,343
22.39,343
22.41,344
22.42,345
22.43,346
22.44,347
22.46,350
22.47,352
22.48,354
22.49,356
22.50,357
22.52,358
22.55,364
22.56,367
22.57,369
22.59,372
22.60,372
22.61,374
22.63,376
22.64,377
22.65,378
22.66,380
22.68,382
22.69,384
22.71,387
22.72,387
22.73,389
22.74,391
22.75,392
22.77,395
22.78,396
22.79,400
22.80,402
22.81,404
22.83,405
22.84,406
22.86,408
22.89,413
22.90,415
22.91,417
22.92,417
22.93,419
22.95,421
22.96,423
22.97,424
22.98,425
22.99,427
23.01,428
23.02,428
23.03,429
23.05,430
23.06,431
23.08,432
23.09,433
23.11,434
23.12,436
23.13,437
23.15,438
23.16,438
23.17,439
23.18,440
23.19,440
23.21,442
23.24,444
23.26,445
23.27,447
23.28,448
23.30,450
23.31,450
23.32,451
23.33,452
23.34,452
23.35,453
23.37,453
23.38,454
23.39,454
23.40,455
23.42,456
23.43,457
23.45,459
23.46,460
23.48,461
23.49,462
23.50,462
23.51,462
23.52,463
23.53,463
23.55,464
23.58,465
23.59,465
23.61,466
23.62,467
23.63,468
23.64,468
23.66,469
23.67,470
23.68,471
23.69,472
23.70,473
23.71,473
23.73,475
23.74,476
23.75,476
23.76,477
23.78,479
23.79,479
23.80,481
23.81,482
23.82,483
23.84,485
23.85,486
23.86,487
23.87,488
23.88,489
23.91,492
23.93,493
23.94,493
23.95,494
23.96,495
23.97,497
23.99,497
24.00,498
24.01,499
24.03,500
24.04,500
24.05,502
24.06,503
24.07,504
24.09,506
24.10,507
24.11,508
24.13,510
24.14,511
24.15,512
24.17,513
24.18,514
24.20,515
24.21,517
24.22,516
24.23,517
24.26,519
24.27,520
24.29,520
24.30,521
24.31,521
24.32,522
24.34,521
24.35,522
24.36,522
24.38,523
24.39,523
24.40,524
24.41,525
24.42,525
24.43,526
24.45,526
24.46,526
24.47,527
24.48,528
24.50,528
24.51,528
24.52,529
24.53,530
24.54,532
24.56,533
24.59,537
24.60,537
24.61,538
24.63,539
24.64,540
24.65,541
24.66,542
24.67,543
24.69,544
24.70,544
24.71,545
24.73,546
24.74,547
24.76,547
24.77,548
24.78,548
24.79,549
24.81,549
24.82,550
24.83,550
24.84,551
24.86,552
24.87,553
24.88,554
24.89,555
24.90,557
24.94,559
24.95,560
24.96,562
24.98,564
24.99,564
25.00,566
25.01,567
25.02,568
25.03,569
25.05,570
25.06,571
25.07,571
25.08,572
25.10,573
25.11,574
25.12,575
25.14,575
25.15,577
25.17,579
25.18,581
25.19,582
25.20,582
25.21,582
25.23,583
25.24,584
25.27,588
25.28,589
25.30,591
25.31,592
25.32,593
25.34,593
25.35,594
25.36,596
25.37,597
25.38,598
25.39,598
25.41,599
25.42,601
25.43,601
25.44,602
25.46,603
25.47,604
25.48,605
25.49,606
25.50,607
25.52,608
25.53,609
25.54,610
25.55,610
25.56,611
25.57,611
25.72,619
25.73,622
25.74,623
25.75,624
25.77,626
25.78,626
25.79,628
25.80,628
25.81,629
25.83,630
25.84,632
25.85,633
25.86,635
25.88,636
25.89,637
25.91,641
25.92,641
25.93,643
25.95,644
25.96,646
25.97,647
25.98,649
25.99,651
26.01,651
26.02,653
26.04,654
26.07,655
26.08,656
26.09,657
26.10,659
26.12,660
26.13,661
26.14,661
26.15,662
26.17,663
26.18,664
26.19,665
26.20,665
26.22,666
26.23,666
26.24,667
26.26,668
26.28,669
26.29,671
26.30,671
26.31,672
26.33,672
26.34,673
26.35,674
26.36,676
26.37,676
26.41,678
26.42,679
26.43,680
26.45,680
26.46,681
26.47,682
26.49,682
26.50,683
26.51,683
26.52,685
26.53,687
26.55,688
26.56,689
26.57,692
26.58,693
26.60,694
26.61,696
26.63,698
26.64,698
26.66,699
26.67,700
26.68,699
26.69,700
26.70,701
26.71,701
26.73,702
26.76,702
26.77,703
26.78,703
26.80,703
26.81,704
26.82,705
26.84,705
26.85,706
26.87,707
26.88,707
26.89,707
26.90,707
26.91,708
26.93,708
26.94,710
26.95,712
26.96,713
26.98,714
26.99,715
27.00,716
27.02,716
27.03,716
27.04,717
27.05,717
27.06,718
27.09,720
27.11,721
27.12,722
27.13,722
27.14,722
27.16,723
27.17,724
27.18,724
27.20,724
27.21,724
27.22,724
27.23,725
27.24,725
27.25,725
27.27,726
27.28,726
27.29,726
27.30,726
27.31,726
27.33,726
27.34,726
27.35,726
27.36,726
27.38,727
27.39,727
27.41,728
27.44,729
27.45,730
27.46,730
27.47,731
27.49,732
27.50,732
27.51,733
27.52,734
27.54,736
27.55,737
27.56,738
27.58,739
27.59,740
27.60,742
27.61,742
27.63,743
27.64,743
27.65,744
27.66,745
27.67,746
27.69,746
27.70,746
27.72,747
27.73,748
27.74,748
27.76,748
27.79,749
27.80,749
27.81,750
27.82,751
27.83,750
27.85,751
27.86,751
27.87,752
27.88,753
27.90,754
27.91,756
27.92,757
27.94,758
27.95,758
27.96,760
27.98,762
27.99,762
28.00,763
28.01,764
28.02,764
28.03,764
28.05,765
28.06,765
28.07,765
28.08,766
28.11,767
28.13,767
28.14,768
28.16,769
28.17,769
28.18,770
28.19,770
28.20,771
28.21,771
28.23,773
28.24,774
28.25,775
28.26,775
28.28,776
28.29,776
28.30,776
28.31,777
28.33,779
28.34,782
28.36,783
28.37,784
28.38,784
28.39,785
28.41,786
28.42,786
28.43,786
28.46,788
28.48,789
28.49,790
28.50,791
28.52,793
28.53,795
28.54,797
28.55,797
28.56,798
28.57,800
28.59,801
28.60,801
28.61,801
28.62,802
28.64,802
28.65,802
28.66,805
28.68,806
28.70,806
28.71,808
28.72,808
28.73,808
28.74,808
28.75,810
28.77,809
28.80,811
28.81,813
28.82,814
28.84,814
28.85,816
28.86,817
28.87,817
28.89,820
28.90,821
28.92,822
28.93,824
28.95,826
28.96,828
28.97,830
28.98,831
28.99,832
29.01,836
29.02,838
29.03,840
29.04,842
29.06,842
29.07,843
29.08,844
29.09,844
29.11,845
29.12,846
29.15,847
29.17,847
29.18,848
29.19,849
29.20,849
29.22,849
29.23,850
29.25,851
29.26,851
29.27,853
29.28,854
29.30,857
29.31,859
29.32,861
29.33,862
29.34,863
29.35,863
29.37,864
29.38,866
29.39,868
29.40,870
29.42,871
29.43,873
29.44,875
29.46,879
29.47,881
29.51,886
29.52,887
29.53,888
29.54,889
29.55,888
29.57,891
29.58,896
29.59,897
29.60,900
29.62,901
29.63,902
29.64,903
29.66,904
29.67,905
29.68,906
29.69,907
29.70,908
29.71,908
29.73,909
29.74,912
29.75,912
29.76,913
29.77,915
29.79,916
29.80,917
29.83,919
29.85,920
29.86,920
29.87,920
29.88,920
29.89,921
29.91,921
29.92,922
29.93,924
29.94,923
29.96,924
29.97,925
29.98,925
30.00,926
30.01,927
30.03,928
30.04,928
30.05,929
30.07,932
30.08,936
30.09,939
30.10,944
30.11,946
30.13,948
30.14,949
30.15,951
30.18,953
30.20,954
30.22,954
30.23,954
30.24,955
30.25,955
30.27,955
30.28,957
30.29,958
30.30,958
30.32,958
30.33,958
30.34,959
30.36,959
30.38,960
30.39,960
30.40,960
30.42,960
30.43,960
30.44,961
30.45,961
30.47,965
30.48,967
30.49,970
30.50,971
30.53,974
30.55,975
30.56,975
30.58,976
30.59,977
30.61,977
30.62,977
30.63,978
30.65,979
30.66,979
30.67,979
30.68,979
30.69,980
30.71,984
30.72,988
30.74,989
30.75,991
30.76,992
30.77,996
30.78,1000
30.79,1001
30.81,1001
30.82,1003
30.83,1003
30.84,1004
30.87,1006
30.89,1007
30.90,1008
30.91,1008
30.93,1008
30.94,1009
30.95,1009
30.96,1010
30.98,1012
30.99,1015
31.00,1016
31.01,1016
31.02,1017
31.03,1018
31.05,1019
31.06,1019
31.07,1020
31.08,1020
31.10,1021
31.11,1023
31.12,1023
31.13,1023
31.14,1023
31.16,1023
31.29,1023
31.31,1023
31.32,1023
31.33,1023
31.35,1023
31.36,1023
31.37,1023
31.38,1023
31.39,1023
31.41,1023
31.42,1023
31.43,1023
31.44,1023
31.46,1023
31.47,1023
31.48,1023
31.50,1023
31.51,1023
31.53,1023
31.54,1023
31.55,1023
31.56,1023
31.57,1023
31.61,1023
31.62,1023
31.63,1023
31.64,1023
31.66,1023
31.67,1023
31.68,1023
31.70,1023
31.71,1023
31.72,1023
31.73,1023
31.74,1023
31.75,1023
31.77,1023
31.78,1023
31.79,1023
31.80,1023
31.82,1023
31.83,1023
31.84,1023
31.85,1023
31.86,1023
31.88,1023
31.91,1023
31.92,1023
31.93,1023
31.94,1023
31.95,1023
31.97,1023
31.98,1023
31.99,1023
32.00,1023
32.02,1023
32.03,1023
32.04,1023
32.06,1023
32.07,1023
32.08,1023
32.10,1023
32.11,1023
32.13,1023
32.14,1023
32.15,1023
32.16,1023
32.17,1023
32.19,1023
32.21,1023
32.23,1023
32.24,1023
32.26,1023
32.27,1023
32.28,1023
32.29,1023
32.31,1023
32.32,1023
32.33,1023
32.34,1023
32.35,1023
32.37,1023
32.38,1023
32.39,1023
32.40,1023
32.42,1023
32.43,1023
32.44,1023
32.46,1023
32.47,1023
32.49,1023
32.50,1023
32.51,1023
32.54,1023
32.55,1023
32.57,1023
32.58,1023
32.59,1023
32.60,1023
32.62,1023
32.64,1023
32.65,1023
32.67,1023
32.68,1023
32.69,1023
32.70,1023
32.71,1023
32.73,1023
32.74,1023
32.75,1023
32.76,1023
32.78,1023
32.79,1023
32.80,1023
32.81,1023
32.82,1023
32.85,1023
32.87,1023
32.88,1023
32.89,1023
32.90,1023
32.91,1023
32.93,1023
32.94,1023
32.95,1023
32.96,1023
32.97,1023
32.99,1023
33.00,1023
33.01,1023
33.03,1023
33.04,1023
33.05,1023
33.06,1023
33.07,1023
33.09,1023
33.10,1023
33.11,1023
33.12,1023
33.16,1023
33.17,1023
33.18,1023
33.20,1023
33.21,1023
33.23,1023
33.24,1023
33.25,1023
33.26,1023
33.27,1023
33.29,1023
33.30,1023
33.32,1023
33.33,1023
33.34,1023
33.35,1023
33.36,1023
33.38,1023
33.39,1023
33.40,1023
33.41,1023
33.42,1023
33.43,1023
33.45,1023
33.48,1023
33.49,1023
33.50,1023
33.52,1023
33.53,1021
33.54,1020
33.56,1020
33.57,1019
33.58,1018
33.59,1017
33.60,1017
33.61,1016
33.63,1016
33.64,1016
33.65,1014
33.66,1014
33.68,1011
33.69,1010
33.70,1009
33.71,1008
33.72,1009
33.74,1009
33.75,1008
33.78,1007
33.79,1008
33.80,1008
33.81,1006
33.83,1004
33.84,1004
33.85,1004
33.86,1003
33.88,1003
33.89,1003
33.90,1002
33.91,1003
33.93,1003
33.94,1002
33.96,1003
33.97,1002
33.98,1002
33.99,1002
34.01,1001
34.02,1002
34.03,1000
34.04,1001
34.06,998
34.09,991
34.10,990
34.12,989
34.13,987
34.14,986
34.15,986
34.17,986
34.18,986
34.19,985
34.20,985
34.21,986
34.23,985
34.24,984
34.25,984
34.26,984
34.28,983
34.29,982
34.30,981
34.31,980
34.32,979
34.33,979
34.35,979
34.36,978
34.37,977
34.38,975
34.39,975
34.43,972
34.44,971
34.45,970
34.46,968
34.48,967
34.49,966
34.50,966
34.52,965
34.53,965
34.54,965
34.55,965
34.56,965
34.57,965
34.59,965
34.60,964
34.61,964
34.62,964
34.63,963
34.65,961
34.66,961
34.68,960
34.69,959
34.71,960
34.72,959
34.73,959
34.76,955
34.77,955
34.79,954
34.80,953
34.81,953
34.82,951
34.84,951
34.85,950
34.86,950
34.88,950
34.89,950
34.90,949
34.91,948
34.92,949
34.93,948
34.95,947
34.96,947
34.97,947
34.98,947
35.00,947
35.01,946
35.02,945
35.03,945
35.04,944
35.06,944
35.07,942
35.10,939
35.11,938
35.12,936
35.13,936
35.15,935
35.16,935
35.17,934
35.18,934
35.20,934
35.21,933
35.22,932
35.23,932
35.25,931
35.26,931
35.27,930
35.28,930
35.29,930
35.31,930
35.32,929
35.33,929
35.34,929
35.36,928
35.37,927
35.38,926
35.39,925
35.40,924
35.43,921
35.45,920
35.46,919
35.47,918
35.49,917
35.50,915
35.51,914
35.53,913
35.54,911
35.55,909
35.56,907
35.58,907
35.59,906
35.61,905
35.62,905
35.63,904
35.64,903
35.65,903
35.67,902
35.68,901
35.69,901
35.70,901
35.71,900
35.73,899
35.74,899
35.77,898
35.79,897
35.80,897
35.82,896
35.83,894
35.85,891
35.86,889
35.87,888
35.88,887
35.89,887
35.91,886
35.92,886
35.93,885
35.94,885
35.96,885
35.97,884
35.98,884
35.99,883
36.00,882
36.02,881
36.03,881
36.04,881
36.05,881
36.07,881
36.08,879
36.09,879
36.12,874
36.14,871
36.15,869
36.16,868
36.17,865
36.18,865
36.20,864
36.21,864
36.22,863
36.23,862
36.24,861
36.25,860
36.27,860
36.28,858
36.29,855
36.30,855
36.31,853
36.33,851
36.34,851
36.35,850
36.37,849
36.38,849
36.40,849
36.41,848
36.42,847
36.57,829
36.58,829
36.59,828
36.60,825
36.61,825
36.63,821
36.64,818
36.65,815
36.66,814
36.67,811
36.69,808
36.70,806
36.71,804
36.72,803
36.74,800
36.75,798
36.76,795
36.77,793
36.78,792
36.79,791
36.81,789
36.82,786
36.83,783
36.84,780
36.86,773
36.87,771
36.90,768
36.92,766
36.93,766
36.94,765
36.96,765
36.97,764
36.98,763
36.99,762
37.01,760
37.02,758
37.03,756
37.04,754
37.06,751
37.07,750
37.08,749
37.09,749
37.11,748
37.12,747
37.13,747
37.14,746
37.15,746
37.17,746
37.18,745
37.19,744
37.20,743
37.21,743
37.25,740
37.26,738
37.27,738
37.29,737
37.30,736
37.31,735
37.32,732
37.33,732
37.35,730
37.36,728
37.37,726
37.38,723
37.39,719
37.41,716
37.42,712
37.43,710
37.44,708
37.46,706
37.47,705
37.48,704
37.49,704
37.50,703
37.51,701
37.53,700
37.54,699
37.57,697
37.58,697
37.59,696
37.61,695
37.62,695
37.64,691
37.65,689
37.67,687
37.68,684
37.70,682
37.71,680
37.72,679
37.73,677
37.74,676
37.75,675
37.77,674
37.78,673
37.79,672
37.80,671
37.82,669
37.83,667
37.84,665
37.86,664
37.88,662
37.89,661
37.90,659
37.93,657
37.94,657
37.95,655
37.97,655
37.98,654
37.99,654
38.00,654
38.02,652
38.03,651
38.05,651
38.06,650
38.08,649
38.09,648
38.10,645
38.11,645
38.13,641
38.14,640
38.15,636
38.16,635
38.18,634
38.19,633
38.20,632
38.21,632
38.22,632
38.24,631
38.27,629
38.28,628
38.29,628
38.30,627
38.31,627
38.33,627
38.34,627
38.35,626
38.36,626
38.38,626
38.39,625
38.40,625
38.42,624
38.43,625
38.44,625
38.45,625
38.46,625
38.47,625
38.49,625
38.50,625
38.51,625
38.52,625
38.54,626
38.55,626
38.56,625
38.57,627
38.60,628
38.62,632
38.63,636
38.64,641
38.65,647
38.67,650
38.68,652
38.69,653
38.70,655
38.72,657
38.73,658
38.74,660
38.76,661
38.77,664
38.79,666
38.80,669
38.81,671
38.82,673
38.83,675
38.85,676
38.86,678
38.87,679
38.88,680
38.89,681
38.91,683
38.92,684
38.95,689
38.97,690
38.98,693
39.00,694
39.01,695
39.02,696
39.03,697
39.05,698
39.06,700
39.07,701
39.08,703
39.09,704
39.11,705
39.12,707
39.14,709
39.15,711
39.16,712
39.17,713
39.18,715
39.19,716
39.21,718
39.22,719
39.23,721
39.24,725
39.25,727
39.29,735
39.30,737
39.31,738
39.33,741
39.34,742
39.35,744
39.36,746
39.38,749
39.39,750
39.40,753
39.41,755
39.42,758
39.43,761
39.45,763
39.46,766
39.47,767
39.48,768
39.50,769
39.51,770
39.52,771
39.54,775
39.55,779
39.57,783
39.58,785
39.59,786
39.60,787
39.63,788
39.65,789
39.66,789
39.67,790
39.68,791
39.70,795
39.71,797
39.72,800
39.74,801
39.75,802
39.76,802
39.77,803
39.78,803
39.79,805
39.81,807
39.82,807
39.83,809
39.85,811
39.86,812
39.87,811
39.88,812
39.90,814
39.91,815
39.93,816
39.94,818
39.97,819
39.98,820
39.99,821
40.01,822
40.02,823
40.03,823
40.04,824
40.06,824
40.07,825
40.08,826
40.10,827
40.12,828
40.13,829
40.14,831
40.15,832
40.17,833
40.18,835
40.19,836
40.20,836
40.21,838
40.23,839
40.24,840
40.25,840
40.26,841
40.28,841
40.29,842
40.32,843
40.33,842
40.35,843
40.36,843
40.37,843
40.38,843
40.39,843
40.41,843
40.42,843
40.43,842
40.44,842
40.45,841
40.47,838
40.48,837
40.49,835
40.50,834
40.51,831
40.53,829
40.54,825
40.55,822
40.56,816
40.57,811
40.59,805
40.60,800
40.61,793
40.62,790
40.66,783
40.67,780
40.68,776
40.70,773
40.71,769
40.72,766
40.73,763
40.75,760
40.76,758
40.77,755
40.78,753
40.80,750
40.81,747
40.82,745
40.84,742
40.85,737
40.86,735
40.88,731
40.89,727
40.90,724
40.91,722
40.92,719
40.93,718
40.95,717
40.96,716
40.99,714
41.01,713
41.02,711
41.03,708
41.04,706
41.06,705
41.07,702
41.08,701
41.09,699
41.10,699
41.11,698
41.13,696
41.14,695
41.15,694
41.16,691
41.18,689
41.19,687
41.20,686
41.21,684
41.22,683
41.24,683
41.25,682
41.27,680
41.28,679
41.29,678
41.30,676
41.33,672
41.35,671
41.36,670
41.37,668
41.38,668
41.40,667
41.41,666
41.43,665
41.44,664
41.45,662
41.46,660
41.47,658
41.49,655
41.50,654
41.51,652
41.52,651
41.54,649
41.55,647
41.56,645
41.58,641
41.59,636
41.61,634
41.62,632
41.63,631
41.64,630
41.67,629
41.69,629
41.70,627
41.71,627
41.72,626
41.74,624
41.75,621
41.76,619
41.78,616
41.79,615
41.80,614
41.81,614
41.83,613
41.84,612
41.85,612
41.86,611
41.87,610
41.89,609
41.90,608
41.91,608
41.92,607
41.94,608
41.95,607
41.96,606
41.98,606
41.99,607
42.13,595
42.14,593
42.16,589
42.17,586
42.18,583
42.20,582
42.21,581
42.22,581
42.23,579
42.24,579
42.25,578
42.27,577
42.28,577
42.29,576
42.30,575
42.32,574
42.33,573
42.34,574
42.35,573
42.36,571
42.38,570
42.39,569
42.40,566
42.41,564
42.42,562
42.43,559
42.47,552
42.48,550
42.49,549
42.50,548
42.52,546
42.53,544
42.54,542
42.56,541
42.57,539
42.58,537
42.59,535
42.60,532
42.61,530
42.63,529
42.64,526
42.65,525
42.66,524
42.68,523
42.69,524
42.70,524
42.72,524
42.74,523
42.75,522
42.76,522
42.77,522
42.80,520
42.81,519
42.83,518
42.84,518
42.85,517
42.86,515
42.87,514
42.89,512
42.90,510
42.91,508
42.93,506
42.94,504
42.95,503
42.96,502
42.97,501
42.99,499
43.00,498
43.01,497
43.02,497
43.04,497
43.05,497
43.06,495
43.07,495
43.08,494
43.10,494
43.11,494
43.14,492
43.15,491
43.16,491
43.17,488
43.19,488
43.20,487
43.21,487
43.22,485
43.24,483
43.25,482
43.26,481
43.28,480
43.29,479
43.31,478
43.32,477
43.33,477
43.35,476
43.36,475
43.37,474
43.38,473
43.39,472
43.41,471
43.42,470
43.43,469
43.44,467
43.48,463
43.49,462
43.50,459
43.51,457
43.53,453
43.54,451
43.55,449
43.56,448
43.58,446
43.59,444
43.60,442
43.61,440
43.62,438
43.64,437
43.65,437
43.66,437
43.67,435
43.68,434
43.69,433
43.71,433
43.72,432
43.73,431
43.74,430
43.75,428
43.77,428
43.78,427
43.81,423
43.83,419
43.84,417
43.86,414
43.87,414
43.89,413
43.90,412
43.91,412
43.92,412
43.93,411
43.95,410
43.96,409
43.97,408
43.98,407
44.00,405
44.01,405
44.02,404
44.03,402
44.04,400
44.06,398
44.07,396
44.08,393
44.09,391
44.10,390
44.11,387
44.13,386
44.16,384
44.17,383
44.19,383
44.20,382
44.21,381
44.22,380
44.24,379
44.25,378
44.26,377
44.27,376
44.28,375
44.29,374
44.31,373
44.32,372
44.33,372
44.34,372
44.36,371
44.37,370
44.38,368
44.39,367
44.40,366
44.42,364
44.43,362
44.44,358
44.45,357
44.48,355
44.49,354
44.51,353
44.52,352
44.53,351
44.55,349
44.56,348
44.57,345
44.58,345
44.60,344
44.61,343
44.62,343
44.63,343
44.64,343
44.65,343
44.67,343
44.68,345
44.69,349
44.70,356
44.72,359
44.73,364
44.74,367
44.76,369
44.77,372
44.79,374
44.80,378
44.83,390
44.84,394
44.85,398
44.87,402
44.88,404
44.89,406
44.90,406
44.92,408
44.93,409
44.94,413
44.96,418
44.97,423
44.98,426
45.00,428
45.01,431
45.02,432
45.03,434
45.05,436
45.06,437
45.07,439
45.08,442
45.10,444
45.11,447
45.12,450
45.14,452
45.17,456
45.18,458
45.19,459
45.21,460
45.22,461
45.23,462
45.24,464
45.25,464
45.27,466
45.28,466
45.29,468
45.30,470
45.32,472
45.33,476
45.35,481
45.36,485
45.37,487
45.39,490
45.40,492
45.41,493
45.42,495
45.43,497
45.45,498
45.46,500
45.47,503
45.48,505
45.52,511
45.53,513
45.54,514
45.56,516
45.57,517
45.58,518
45.59,520
45.61,520
45.62,522
45.63,523
45.64,525
45.66,527
45.67,530
45.68,533
45.69,536
45.71,540
45.72,545
45.74,547
45.75,550
45.76,553
45.77,557
45.78,560
45.79,563
45.81,568
45.82,571
45.83,572
45.86,574
45.88,575
45.89,577
45.90,578
45.92,580
45.93,581
45.94,582
45.95,583
45.96,584
45.97,584
45.99,585
46.00,586
46.01,587
46.02,589
46.04,591
46.05,593
46.06,594
46.08,597
46.10,598
46.11,599
46.12,599
46.13,599
46.14,600
46.15,600
46.17,602
46.20,606
46.21,607
46.22,609
46.24,610
46.25,614
46.26,618
46.28,623
46.29,627
46.30,630
46.31,632
46.32,634
46.33,635
46.35,635
46.36,636
46.37,636
46.38,635
46.39,636
46.41,636
46.42,636
46.44,636
46.45,636
46.46,635
46.48,635
46.49,630
46.50,628
46.51,623
46.55,605
46.56,599
46.57,588
46.58,578
46.59,569
46.61,559
46.62,553
46.64,546
46.65,539
46.66,534
46.67,529
46.68,525
46.69,521
46.71,517
46.72,511
46.73,504
46.74,498
46.75,493
46.77,488
46.78,483
46.79,477
46.81,473
46.82,469
46.84,463
46.85,459
46.88,452
46.89,449
46.91,445
46.92,441
46.93,437
46.94,434
46.95,428
46.97,425
46.98,420
46.99,415
47.01,409
47.02,406
47.03,404
47.05,400
47.06,395
47.08,391
47.09,387
47.10,386
47.11,380
47.13,377
47.14,373
47.15,369
47.16,367
47.18,364
47.19,360
47.20,358
47.23,355
47.25,353
47.26,350
47.27,348
47.28,345
47.29,343
47.31,341
47.32,338
47.33,335
47.34,332
47.36,330
47.37,327
47.38,325
47.39,320
47.40,318
47.42,315
47.43,313
47.44,310
47.45,308
47.46,303
47.47,300
47.49,296
47.50,290
47.51,285
47.52,280
47.54,273
47.68,226
47.69,223
47.71,222
47.72,220
47.73,217
47.74,213
47.76,208
47.77,203
47.79,200
47.80,197
47.81,194
47.82,192
47.83,190
47.85,188
47.86,185
47.87,182
47.88,177
47.90,176
47.91,174
47.92,173
47.93,173
47.94,171
47.96,171
47.97,169
47.98,168
48.01,164
48.02,164
48.03,162
48.05,159
48.06,158
48.07,156
48.08,154
48.09,153
48.11,151
48.12,149
48.13,146
48.15,143
48.16,140
48.18,138
48.19,134
48.21,131
48.22,130
48.23,129
48.24,128
48.25,127
48.27,126
48.28,125
48.29,124
48.30,122
48.32,122
48.33,119
48.36,117
48.38,116
48.39,115
48.40,114
48.41,113
48.42,113
48.43,112
48.45,110
48.46,109
48.47,107
48.48,105
48.50,104
48.51,104
48.52,102
48.53,100
48.54,100
48.56,98
48.57,96
48.58,95
48.59,91
48.60,90
48.61,87
48.63,85
48.64,83
48.65,82
48.66,80
48.69,77
48.71,75
48.72,72
48.74,70
48.75,68
48.76,66
48.77,64
48.78,62
48.79,58
48.81,56
48.82,54
48.83,52
48.84,50
48.86,48
48.87,46
48.88,45
48.89,43
48.90,43
48.92,41
48.93,39
48.94,39
48.95,39
48.96,38
48.97,38
48.99,39
49.00,39
49.01,38
49.02,38
49.04,38
49.07,38
49.08,39
49.10,38
49.11,38
49.12,39
49.13,39
49.14,39
49.15,38
49.17,38
49.18,39
49.19,39
49.20,42
49.22,45
49.23,49
49.24,53
49.25,56
49.26,61
49.28,66
49.29,68
49.30,73
49.31,77
49.32,82
49.33,88
49.35,92
49.36,97
49.37,101
49.38,103
49.39,105
49.43,112
49.44,114
49.45,116
49.47,118
49.48,120
49.49,122
49.50,123
49.51,125
49.53,126
49.54,128
49.55,129
49.56,132
49.57,135
49.59,138
49.60,139
49.61,142
49.63,143
49.64,145
49.65,146
49.67,148
49.68,149
49.69,150
49.71,151
49.72,152
49.73,153
49.74,154
49.77,157
49.79,158
49.80,159
49.81,159
49.83,161
49.84,162
49.85,162
49.86,162
49.88,164
49.89,164
49.90,165
49.91,166
49.92,166
49.93,167
49.95,168
49.96,170
49.97,171
49.98,172
50.00,172
50.01,173
50.02,175
50.03,175
50.04,176
50.06,177
50.07,181
50.10,186
50.11,189
50.12,192
50.13,195
50.15,197
50.16,201
50.17,203
50.18,204
50.20,207
50.21,209
50.22,213
50.24,216
50.25,216
50.26,219
50.27,220
50.28,220
50.29,221
50.31,222
50.32,224
50.33,225
50.34,225
50.36,225
50.37,226
50.38,226
50.39,226
50.40,228
50.43,230
50.45,230
50.46,231
50.47,233
50.48,233
50.49,234
50.51,235
50.52,235
50.53,236
50.54,237
50.56,237
50.57,238
50.58,239
50.60,240
50.61,242
50.62,243
50.63,244
50.64,247
50.65,251
50.67,252
50.68,253
50.69,255
50.70,255
50.72,256
50.73,256
50.76,258
50.78,259
50.79,259
50.81,259
50.82,260
50.83,260
50.84,259
50.85,259
50.87,260
50.88,260
50.89,260
50.90,260
50.92,260
50.93,259
50.94,260
50.96,259
50.97,258
50.98,256
50.99,254
51.00,250
51.01,245
51.03,240
51.04,237
51.05,232
51.06,227
51.07,225
51.11,213
51.12,208
51.13,202
51.15,197
51.16,191
51.17,186
51.18,180
51.19,176
51.21,173
51.22,170
51.23,167
51.24,163
51.25,160
51.27,156
51.28,153
51.29,149
51.30,147
51.32,144
51.33,140
51.35,138
51.36,133
51.37,130
51.39,129
51.40,127
51.41,126
51.42,123
51.45,115
51.47,113
51.48,110
51.49,107
51.51,104
51.52,101
51.53,98
51.54,95
51.56,92
51.57,89
51.58,86
51.59,82
51.60,78
51.61,76
51.63,72
51.64,69
51.65,67
51.66,65
51.68,62
51.69,59
51.70,56
51.71,54
51.72,50
51.74,47
51.75,43
51.76,39
51.77,36
51.80,26
51.81,24
51.83,23
51.84,20
51.85,16
51.86,14
51.88,12
51.89,11
51.90,10
51.91,7
51.93,4
51.94,1
51.95,0
51.96,0
51.97,0
51.99,0
52.00,0
52.01,0
52.02,0
52.04,0
52.05,0
52.06,0
52.07,0
52.08,0
52.10,0
52.11,0
52.12,0
52.13,0
52.14,0
52.15,0
52.17,0
52.20,0
52.21,0
52.22,0
52.24,0
52.25,0
52.26,0
52.28,0
52.29,0
52.30,0
52.31,0
52.32,0
52.33,0
52.35,0
52.36,0
52.37,0
52.38,0
52.40,0
52.41,0
52.42,0
52.43,0
52.44,0
52.46,0
52.47,0
52.48,0
52.49,0
52.50,0
52.51,0
52.53,0
52.54,0
52.55,0
52.56,0
52.58,0
52.61,0
52.62,0
52.64,0
52.65,0
52.66,0
52.67,0
52.68,0
52.69,0
52.71,0
52.72,0
52.73,0
52.74,0
52.75,0
52.77,0
52.78,0
52.79,0
52.80,0
52.81,0
52.83,0
52.84,0
52.85,0
52.86,0
52.87,0
52.89,0
52.90,0
52.91,0
52.92,0
52.94,0
52.95,0
52.96,0
52.97,0
52.98,0
53.02,0
53.03,0
53.04,0
53.05,0
53.07,0
53.08,0
53.09,0
53.10,0
53.12,0
53.13,0
53.14,0
53.15,0
53.16,0
53.18,0
53.19,0
53.20,0
53.21,0
53.22,0
53.23,0
53.25,0
53.26,0
53.27,0
53.28,0
53.30,0
53.31,0
53.32,0
53.33,0
53.34,0
53.36,0
53.37,0
53.38,0
53.39,0
53.53,0
53.54,0
53.56,1
53.57,2
53.58,3
53.59,5
53.61,7
53.62,7
53.63,8
53.64,9
53.66,10
53.67,11
53.68,12
53.69,12
53.70,14
53.72,14
53.73,16
53.74,18
53.75,20
53.76,21
53.77,23
53.79,24
53.80,26
53.81,27
53.82,28
53.83,29
53.85,31
53.86,33
53.87,33
53.88,34
53.92,36
53.93,38
53.94,38
53.96,39
53.97,40
53.98,42
53.99,43
54.00,43
54.01,45
54.03,47
54.04,48
54.05,50
54.06,52
54.08,54
54.09,57
54.10,59
54.11,62
54.12,65
54.14,67
54.15,69
54.16,69
54.17,73
54.18,73
54.19,74
54.21,76
54.22,78
54.23,79
54.24,82
54.28,88
54.29,90
54.30,92
54.32,95
54.33,96
54.34,97
54.35,99
54.36,101
54.37,103
54.39,104
54.40,106
54.41,108
54.42,110
54.43,112
54.45,113
54.46,115
54.47,115
54.48,118
54.50,120
54.51,122
54.52,124
54.53,125
54.54,126
54.55,128
54.57,130
54.58,132
54.60,138
54.62,142
54.63,144
54.64,146
54.66,147
54.67,150
54.69,151
54.70,154
54.71,156
54.72,157
54.73,158
54.75,159
54.76,160
54.77,161
54.78,162
54.80,163
54.81,164
54.82,165
54.83,166
54.84,168
54.86,168
54.87,169
54.88,169
54.89,170
54.90,171
54.91,172
54.95,173
54.96,175
54.97,176
54.98,177
55.00,178
55.01,180
55.02,182
55.04,183
55.05,185
55.06,187
55.07,188
55.08,191
55.09,192
55.11,192
55.12,195
55.13,196
55.14,197
55.15,201
55.17,202
55.18,203
55.19,205
55.20,209
55.21,210
55.23,214
55.24,216
55.25,219
55.28,226
55.29,228
55.31,231
55.32,234
55.33,237
55.34,239
55.36,242
55.37,244
55.38,246
55.39,249
55.41,252
55.42,255
55.43,256
55.44,258
55.45,260
55.47,263
55.48,265
55.49,266
55.50,267
55.51,269
55.53,270
55.54,272
55.55,275
55.56,277
55.58,281
55.61,287
55.62,291
55.63,295
55.65,298
55.66,299
55.67,302
55.68,303
55.69,306
55.71,309
55.72,312
55.73,314
55.74,317
55.76,321
55.77,325
55.78,328
55.79,331
55.80,333
55.82,337
55.83,339
55.84,342
55.85,344
55.86,347
55.87,350
55.89,353
55.90,357
55.91,358
55.94,365
55.96,369
55.97,370
55.98,372
55.99,374
56.01,377
56.02,379
56.03,380
56.04,383
56.05,385
56.07,387
56.08,388
56.09,391
56.10,393
56.12,397
56.13,401
56.14,404
56.15,407
56.16,409
56.18,412
56.19,415
56.20,417
56.21,420
56.22,424
56.23,426
56.25,429
56.27,433
56.29,437
56.30,437
56.31,439
56.32,442
56.34,445
56.35,449
56.36,452
56.38,456
56.39,459
56.40,462
56.41,464
56.43,465
56.44,469
56.45,472
56.46,475
56.48,477
56.49,481
56.50,485
56.51,488
56.52,492
56.54,497
56.55,500
56.56,506
56.57,511
56.60,521
56.61,523
56.63,527
56.64,529
56.65,534
56.66,537
56.68,541
56.69,545
56.70,549
56.72,550
56.73,553
56.74,555
56.75,557
56.76,559
56.77,563
56.79,566
56.80,570
56.81,574
56.82,576
56.83,580
56.85,584
56.86,587
56.87,592
56.88,595
56.89,599
56.91,602
56.94,612
56.95,615
56.96,617
56.97,622
56.99,624
57.00,626
57.01,628
57.02,630
57.04,632
57.05,635
57.06,636
57.07,640
57.09,643
57.10,645
57.11,649
57.12,651
57.13,652
57.15,655
57.16,658
57.17,660
57.18,662
57.19,664
57.21,666
57.22,668
57.23,670
57.26,676
57.28,679
57.29,681
57.30,683
57.31,685
57.33,688
57.34,690
57.35,692
57.36,693
57.37,696
57.39,698
57.40,698
57.41,700
57.42,700
57.44,701
57.45,701
57.46,702
57.47,705
57.48,706
57.50,707
57.51,707
57.52,709
57.53,710
57.54,710
57.55,711
57.57,711
57.60,711
57.61,711
57.62,711
57.64,711
57.65,711
57.66,711
57.67,711
57.69,711
57.70,710
57.71,711
57.72,711
57.73,710
57.75,709
57.76,709
57.77,706
57.78,703
57.80,699
57.81,694
57.82,689
57.83,685
57.85,681
57.86,674
57.87,670
57.88,665
57.89,662
57.91,653
57.93,646
57.95,639
57.96,634
57.97,628
57.98,622
58.00,613
58.01,602
58.02,596
58.04,586
58.05,578
58.06,571
58.07,563
58.08,555
58.09,550
58.11,545
58.12,538
58.13,531
58.14,525
58.16,519
58.17,511
58.18,500
58.19,493
58.20,485
58.22,475
58.23,466
58.26,447
58.27,438
58.28,431
58.29,424
58.31,413
58.32,406
58.33,396
58.34,387
58.36,377
58.37,369
58.38,358
58.40,344
58.41,335
58.42,324
58.43,314
58.44,303
58.45,291
58.47,278
58.48,267
58.49,256
58.50,242
58.51,229
58.53,219
58.54,205
58.55,194
58.56,181
58.60,149
58.61,138
58.62,126
58.63,118
58.65,113
58.66,104
58.67,99
58.68,91
58.69,84
58.71,76
58.72,69
58.73,64
58.74,58
58.76,52
58.77,48
58.78,47
58.79,46
58.80,46
58.81,45
58.83,45
58.84,44
58.85,43
58.86,44
58.87,43
58.89,43
58.90,43
58.91,43
59.05,43
59.07,42
59.08,41
59.09,39
59.10,38
59.12,37
59.13,36
59.14,34
59.15,32
59.16,30
59.18,27
59.19,25
59.20,23
59.21,19
59.22,14
59.23,11
59.25,9
59.26,5
59.27,1
59.28,0
59.29,0
59.31,0
59.32,0
59.33,0
59.34,0
59.35,0
59.37,0
59.38,0
59.39,0
59.40,0
59.43,0
59.45,0
59.46,0
59.47,0
59.48,0
59.50,0
59.51,0
59.52,0
59.54,0
59.55,0
59.56,0
59.57,0
59.58,0
59.59,0
59.61,0
59.62,0
59.63,0
59.64,0
59.66,0
59.67,0
59.68,0
59.69,0
59.70,0
59.71,0
59.73,0
59.74,0
59.75,0
59.76,0
59.77,0
59.79,0
59.80,0
59.81,0
59.84,0
59.86,0
59.87,0
59.88,0
59.90,0
59.91,0
59.92,0
59.93,0
59.94,0
59.95,0
59.97,0
59.98,0
59.99,0
60.00,0
60.02,0
60.03,0
60.04,0
60.05,0
60.06,6
60.08,10
60.09,14
60.10,21
60.11,27
60.12,33
60.13,38
60.15,43
60.16,49
60.17,55
60.18,60
60.19,65
60.21,69
60.24,80
60.26,86
60.27,89
60.28,93
60.29,97
60.30,102
60.31,105
60.33,110
60.34,113
60.35,116
60.36,120
60.37,123
60.39,126
60.40,129
60.41,133
60.42,140
60.44,144
60.45,149
60.46,155
60.47,159
60.48,163
60.49,168
60.51,171
60.52,174
60.53,180
60.54,186
60.57,201
60.59,208
60.60,215
60.61,221
60.62,227
60.64,235
60.65,242
60.66,247
60.68,253
60.69,257
60.70,263
60.71,268
60.72,270
60.73,275
60.75,280
60.76,286
60.77,290
60.78,297
60.80,301
60.81,307
60.82,312
60.83,316
60.84,321
60.86,325
60.87,329
60.88,332
60.91,343
60.92,348
60.93,354
60.95,358
60.96,364
60.97,368
60.98,373
60.99,377
61.01,380
61.02,387
61.03,390
61.05,396
61.06,405
61.07,410
61.08,419
61.09,428
61.11,437
61.12,446
61.13,457
61.14,469
61.15,482
61.17,496
61.18,516
61.19,534
61.20,555
61.24,631
61.25,673
61.26,710
61.27,743
61.29,776
61.30,812
61.31,848
61.32,876
61.34,901
61.35,922
61.36,937
61.37,954
61.38,970
61.40,985
61.41,1011
61.42,1023
61.43,1023
61.44,1023
61.45,1023
61.47,1023
61.48,1023
61.49,1023
61.50,1023
61.52,1023
61.53,1023
61.56,1023
61.58,1023
61.59,1023
61.60,1023
61.61,1023
61.62,1023
61.63,1023
61.65,1023
61.66,1023
61.67,1023
61.68,1023
61.70,1023
61.71,1023
61.72,1023
61.74,1023
61.76,1023
61.77,1023
61.78,1023
61.79,1023
61.80,1023
61.81,1023
61.83,1023
61.84,1023
61.87,1023
61.88,1023
61.90,1023
61.91,1023
61.92,1023
61.93,1023
61.95,1023
61.96,1023
61.97,1023
61.98,1023
61.99,1023
62.01,1023
62.02,1023
62.03,1023
